sec , time , count(in)(line1) , count(out)(line1) , total_count(in)(line1) , total_count(out)(line1) , man , woman , age_gender(list)
0 , 2024-01-11 12:16:14.600960 , 0 , 0 , 0 , 0 , 0 , 0
1 , 2024-01-11 12:16:18.800106 , 0 , 0 , 0 , 0 , 0 , 0
2 , 2024-01-11 12:16:22.410701 , 0 , 0 , 0 , 0 , 0 , 0
3 , 2024-01-11 12:16:25.969475 , 0 , 0 , 0 , 0 , 0 , 0
4 , 2024-01-11 12:16:29.586602 , 0 , 0 , 0 , 0 , 0 , 0
5 , 2024-01-11 12:16:33.283301 , 0 , 0 , 0 , 0 , 0 , 0
6 , 2024-01-11 12:16:37.001209 , 0 , 0 , 0 , 0 , 0 , 0
7 , 2024-01-11 12:16:40.583259 , 0 , 0 , 0 , 0 , 0 , 0
8 , 2024-01-11 12:16:44.190572 , 0 , 0 , 0 , 0 , 0 , 0
9 , 2024-01-11 12:16:47.822718 , 0 , 0 , 0 , 0 , 0 , 0
10 , 2024-01-11 12:16:51.433676 , 0 , 0 , 0 , 0 , 0 , 0
11 , 2024-01-11 12:16:55.031931 , 0 , 0 , 0 , 0 , 0 , 0
12 , 2024-01-11 12:16:58.630136 , 0 , 0 , 0 , 0 , 0 , 0
13 , 2024-01-11 12:17:02.243822 , 0 , 0 , 0 , 0 , 0 , 0
14 , 2024-01-11 12:17:05.811742 , 0 , 0 , 0 , 0 , 0 , 0
15 , 2024-01-11 12:17:10.514947 , 0 , 1 , 0 , 1 , 1 , 0 , Unknown
16 , 2024-01-11 12:17:14.061252 , 0 , 0 , 0 , 1 , 0 , 0
17 , 2024-01-11 12:17:17.609917 , 0 , 0 , 0 , 1 , 0 , 0
18 , 2024-01-11 12:17:21.169470 , 0 , 0 , 0 , 1 , 0 , 0
19 , 2024-01-11 12:17:24.743575 , 0 , 0 , 0 , 1 , 0 , 0
20 , 2024-01-11 12:17:28.323324 , 0 , 0 , 0 , 1 , 0 , 0
21 , 2024-01-11 12:17:31.903141 , 0 , 0 , 0 , 1 , 0 , 0
22 , 2024-01-11 12:17:36.523078 , 2 , 0 , 2 , 1 , 2 , 0 , Unknown , Unknown
23 , 2024-01-11 12:17:40.120939 , 0 , 0 , 2 , 1 , 0 , 0
24 , 2024-01-11 12:17:43.689293 , 0 , 1 , 2 , 2 , 0 , 1 , Unknown
25 , 2024-01-11 12:17:47.797134 , 0 , 0 , 2 , 2 , 0 , 0
26 , 2024-01-11 12:17:51.405951 , 0 , 0 , 2 , 2 , 0 , 0
27 , 2024-01-11 12:17:55.517683 , 1 , 0 , 3 , 2 , 0 , 1 , Unknown
28 , 2024-01-11 12:18:00.136959 , 2 , 0 , 5 , 2 , 1 , 1 , Unknown , Unknown
29 , 2024-01-11 12:18:04.241231 , 1 , 0 , 6 , 2 , 1 , 0 , Unknown
30 , 2024-01-11 12:18:08.349853 , 1 , 0 , 7 , 2 , 1 , 0 , Unknown
31 , 2024-01-11 12:18:12.016341 , 0 , 0 , 7 , 2 , 0 , 0
32 , 2024-01-11 12:18:15.914204 , 0 , 0 , 7 , 2 , 0 , 0
33 , 2024-01-11 12:18:20.277422 , 0 , 0 , 7 , 2 , 0 , 0
34 , 2024-01-11 12:18:24.104360 , 0 , 0 , 7 , 2 , 0 , 0
35 , 2024-01-11 12:18:27.809258 , 0 , 0 , 7 , 2 , 0 , 0
36 , 2024-01-11 12:18:31.647971 , 0 , 0 , 7 , 2 , 0 , 0
37 , 2024-01-11 12:18:35.453779 , 0 , 0 , 7 , 2 , 0 , 0
38 , 2024-01-11 12:18:39.721740 , 1 , 0 , 8 , 2 , 1 , 0 , Unknown
39 , 2024-01-11 12:18:45.135116 , 3 , 0 , 11 , 2 , 2 , 1 , Unknown , Unknown , Unknown
40 , 2024-01-11 12:18:49.421330 , 1 , 0 , 12 , 2 , 1 , 0 , Female 35
41 , 2024-01-11 12:18:53.759669 , 1 , 0 , 13 , 2 , 1 , 0 , Unknown
42 , 2024-01-11 12:18:57.529247 , 0 , 0 , 13 , 2 , 0 , 0
43 , 2024-01-11 12:19:01.137340 , 0 , 0 , 13 , 2 , 0 , 0
44 , 2024-01-11 12:19:05.345095 , 1 , 0 , 14 , 2 , 1 , 0 , Unknown
45 , 2024-01-11 12:19:09.306510 , 0 , 0 , 14 , 2 , 0 , 0
46 , 2024-01-11 12:19:13.338511 , 0 , 0 , 14 , 2 , 0 , 0
47 , 2024-01-11 12:19:17.269928 , 0 , 0 , 14 , 2 , 0 , 0
48 , 2024-01-11 12:19:21.644418 , 0 , 1 , 14 , 3 , 1 , 0 , Unknown
49 , 2024-01-11 12:19:25.669523 , 0 , 0 , 14 , 3 , 0 , 0
50 , 2024-01-11 12:19:29.758726 , 0 , 0 , 14 , 3 , 0 , 0
51 , 2024-01-11 12:19:33.511467 , 0 , 0 , 14 , 3 , 0 , 0
52 , 2024-01-11 12:19:37.988978 , 0 , 0 , 14 , 3 , 0 , 0
53 , 2024-01-11 12:19:42.010384 , 0 , 0 , 14 , 3 , 0 , 0
54 , 2024-01-11 12:19:46.765383 , 2 , 0 , 16 , 3 , 2 , 0 , Unknown , Unknown
55 , 2024-01-11 12:19:50.929339 , 1 , 0 , 17 , 3 , 1 , 0 , Unknown
56 , 2024-01-11 12:19:55.577116 , 2 , 0 , 19 , 3 , 1 , 1 , Unknown , Unknown
57 , 2024-01-11 12:19:59.343341 , 0 , 0 , 19 , 3 , 0 , 0
58 , 2024-01-11 12:20:02.973609 , 0 , 0 , 19 , 3 , 0 , 0
59 , 2024-01-11 12:20:06.779783 , 0 , 0 , 19 , 3 , 0 , 0
60 , 2024-01-11 12:20:10.349563 , 0 , 0 , 19 , 3 , 0 , 0
61 , 2024-01-11 12:20:14.002281 , 0 , 0 , 19 , 3 , 0 , 0
62 , 2024-01-11 12:20:17.778668 , 0 , 0 , 19 , 3 , 0 , 0
63 , 2024-01-11 12:20:21.516629 , 0 , 0 , 19 , 3 , 0 , 0
64 , 2024-01-11 12:20:25.097901 , 0 , 0 , 19 , 3 , 0 , 0
65 , 2024-01-11 12:20:28.694067 , 0 , 0 , 19 , 3 , 0 , 0
66 , 2024-01-11 12:20:32.736919 , 0 , 0 , 19 , 3 , 0 , 0
67 , 2024-01-11 12:20:36.806975 , 0 , 0 , 19 , 3 , 0 , 0
68 , 2024-01-11 12:20:40.929281 , 0 , 0 , 19 , 3 , 0 , 0
69 , 2024-01-11 12:20:44.664548 , 0 , 0 , 19 , 3 , 0 , 0
70 , 2024-01-11 12:20:48.915813 , 1 , 0 , 20 , 3 , 1 , 0 , Unknown
71 , 2024-01-11 12:20:53.105612 , 1 , 0 , 21 , 3 , 0 , 1 , Unknown
72 , 2024-01-11 12:20:56.690828 , 0 , 0 , 21 , 3 , 0 , 0
73 , 2024-01-11 12:21:00.738486 , 0 , 1 , 21 , 4 , 1 , 0 , Unknown
74 , 2024-01-11 12:21:04.271168 , 0 , 0 , 21 , 4 , 0 , 0
75 , 2024-01-11 12:21:07.812870 , 0 , 0 , 21 , 4 , 0 , 0
76 , 2024-01-11 12:21:11.393177 , 0 , 0 , 21 , 4 , 0 , 0
77 , 2024-01-11 12:21:14.965510 , 0 , 0 , 21 , 4 , 0 , 0
78 , 2024-01-11 12:21:18.543567 , 0 , 0 , 21 , 4 , 0 , 0
79 , 2024-01-11 12:21:22.101176 , 0 , 0 , 21 , 4 , 0 , 0
80 , 2024-01-11 12:21:25.683311 , 0 , 0 , 21 , 4 , 0 , 0
81 , 2024-01-11 12:21:29.257335 , 0 , 0 , 21 , 4 , 0 , 0
82 , 2024-01-11 12:21:33.329586 , 1 , 0 , 22 , 4 , 1 , 0 , Unknown
83 , 2024-01-11 12:21:36.893921 , 0 , 0 , 22 , 4 , 0 , 0
84 , 2024-01-11 12:21:40.427195 , 0 , 0 , 22 , 4 , 0 , 0
85 , 2024-01-11 12:21:43.956165 , 0 , 0 , 22 , 4 , 0 , 0
86 , 2024-01-11 12:21:47.495923 , 0 , 0 , 22 , 4 , 0 , 0
87 , 2024-01-11 12:21:51.025817 , 0 , 0 , 22 , 4 , 0 , 0
88 , 2024-01-11 12:21:54.545996 , 0 , 0 , 22 , 4 , 0 , 0
89 , 2024-01-11 12:21:58.074670 , 0 , 0 , 22 , 4 , 0 , 0
90 , 2024-01-11 12:22:01.611354 , 0 , 0 , 22 , 4 , 0 , 0
91 , 2024-01-11 12:22:05.691630 , 1 , 0 , 23 , 4 , 1 , 0 , Unknown
92 , 2024-01-11 12:22:09.253603 , 0 , 0 , 23 , 4 , 0 , 0
93 , 2024-01-11 12:22:12.814809 , 0 , 0 , 23 , 4 , 0 , 0
94 , 2024-01-11 12:22:16.359042 , 0 , 0 , 23 , 4 , 0 , 0
95 , 2024-01-11 12:22:19.902079 , 0 , 0 , 23 , 4 , 0 , 0
96 , 2024-01-11 12:22:23.441155 , 0 , 0 , 23 , 4 , 0 , 0
97 , 2024-01-11 12:22:27.006053 , 0 , 0 , 23 , 4 , 0 , 0
98 , 2024-01-11 12:22:30.578365 , 0 , 0 , 23 , 4 , 0 , 0
99 , 2024-01-11 12:22:34.627191 , 1 , 0 , 24 , 4 , 1 , 0 , Unknown
100 , 2024-01-11 12:22:38.698083 , 1 , 0 , 25 , 4 , 1 , 0 , Unknown
101 , 2024-01-11 12:22:42.285161 , 0 , 0 , 25 , 4 , 0 , 0
102 , 2024-01-11 12:22:45.814442 , 0 , 0 , 25 , 4 , 0 , 0
103 , 2024-01-11 12:22:49.371114 , 0 , 0 , 25 , 4 , 0 , 0
104 , 2024-01-11 12:22:52.929583 , 0 , 0 , 25 , 4 , 0 , 0
105 , 2024-01-11 12:22:56.496464 , 0 , 0 , 25 , 4 , 0 , 0
106 , 2024-01-11 12:23:00.030095 , 0 , 0 , 25 , 4 , 0 , 0
107 , 2024-01-11 12:23:03.683867 , 0 , 0 , 25 , 4 , 0 , 0
108 , 2024-01-11 12:23:07.248768 , 0 , 0 , 25 , 4 , 0 , 0
109 , 2024-01-11 12:23:10.826064 , 0 , 0 , 25 , 4 , 0 , 0
110 , 2024-01-11 12:23:14.417758 , 0 , 0 , 25 , 4 , 0 , 0
111 , 2024-01-11 12:23:18.523803 , 1 , 0 , 26 , 4 , 1 , 0 , Unknown
112 , 2024-01-11 12:23:22.137827 , 0 , 0 , 26 , 4 , 0 , 0
113 , 2024-01-11 12:23:25.746460 , 0 , 0 , 26 , 4 , 0 , 0
114 , 2024-01-11 12:23:29.276689 , 0 , 0 , 26 , 4 , 0 , 0
115 , 2024-01-11 12:23:32.814467 , 0 , 0 , 26 , 4 , 0 , 0
116 , 2024-01-11 12:23:36.352981 , 0 , 0 , 26 , 4 , 0 , 0
117 , 2024-01-11 12:23:39.889037 , 0 , 0 , 26 , 4 , 0 , 0
118 , 2024-01-11 12:23:43.428306 , 0 , 0 , 26 , 4 , 0 , 0
119 , 2024-01-11 12:23:46.965865 , 0 , 0 , 26 , 4 , 0 , 0
120 , 2024-01-11 12:23:50.496082 , 0 , 0 , 26 , 4 , 0 , 0
121 , 2024-01-11 12:23:54.531086 , 1 , 0 , 27 , 4 , 0 , 1 , Unknown
122 , 2024-01-11 12:23:58.060615 , 0 , 0 , 27 , 4 , 0 , 0
123 , 2024-01-11 12:24:01.591501 , 0 , 0 , 27 , 4 , 0 , 0
124 , 2024-01-11 12:24:05.659377 , 1 , 0 , 28 , 4 , 1 , 0 , Unknown
125 , 2024-01-11 12:24:09.731371 , 1 , 0 , 29 , 4 , 1 , 0 , Unknown
126 , 2024-01-11 12:24:13.314606 , 0 , 0 , 29 , 4 , 0 , 0
127 , 2024-01-11 12:24:16.872359 , 0 , 0 , 29 , 4 , 0 , 0
128 , 2024-01-11 12:24:20.409343 , 0 , 0 , 29 , 4 , 0 , 0
129 , 2024-01-11 12:24:23.921274 , 0 , 0 , 29 , 4 , 0 , 0
130 , 2024-01-11 12:24:27.445021 , 0 , 0 , 29 , 4 , 0 , 0
131 , 2024-01-11 12:24:30.978686 , 0 , 0 , 29 , 4 , 0 , 0
132 , 2024-01-11 12:24:34.534931 , 0 , 0 , 29 , 4 , 0 , 0
133 , 2024-01-11 12:24:39.108285 , 2 , 0 , 31 , 4 , 2 , 0 , Unknown , Male 27
134 , 2024-01-11 12:24:43.707560 , 2 , 0 , 33 , 4 , 2 , 0 , Unknown , Unknown
135 , 2024-01-11 12:24:47.314720 , 0 , 0 , 33 , 4 , 0 , 0
136 , 2024-01-11 12:24:51.905586 , 2 , 0 , 35 , 4 , 2 , 0 , Unknown , Unknown
137 , 2024-01-11 12:24:56.489986 , 2 , 0 , 37 , 4 , 2 , 0 , Unknown , Unknown
138 , 2024-01-11 12:25:00.060314 , 0 , 0 , 37 , 4 , 0 , 0
139 , 2024-01-11 12:25:03.624745 , 0 , 0 , 37 , 4 , 0 , 0
140 , 2024-01-11 12:25:07.160922 , 0 , 0 , 37 , 4 , 0 , 0
141 , 2024-01-11 12:25:10.675756 , 0 , 0 , 37 , 4 , 0 , 0
142 , 2024-01-11 12:25:14.180555 , 0 , 0 , 37 , 4 , 0 , 0
143 , 2024-01-11 12:25:17.689420 , 0 , 0 , 37 , 4 , 0 , 0
144 , 2024-01-11 12:25:21.188131 , 0 , 0 , 37 , 4 , 0 , 0
145 , 2024-01-11 12:25:24.683842 , 0 , 0 , 37 , 4 , 0 , 0
146 , 2024-01-11 12:25:28.241000 , 0 , 0 , 37 , 4 , 0 , 0
147 , 2024-01-11 12:25:31.791358 , 0 , 0 , 37 , 4 , 0 , 0
148 , 2024-01-11 12:25:35.376562 , 0 , 0 , 37 , 4 , 0 , 0
149 , 2024-01-11 12:25:38.978932 , 0 , 0 , 37 , 4 , 0 , 0
150 , 2024-01-11 12:25:43.048471 , 1 , 0 , 38 , 4 , 1 , 0 , Unknown
151 , 2024-01-11 12:25:46.636618 , 0 , 0 , 38 , 4 , 0 , 0
152 , 2024-01-11 12:25:50.218872 , 0 , 0 , 38 , 4 , 0 , 0
153 , 2024-01-11 12:25:53.780890 , 0 , 0 , 38 , 4 , 0 , 0
154 , 2024-01-11 12:25:57.340742 , 0 , 0 , 38 , 4 , 0 , 0
155 , 2024-01-11 12:26:00.869771 , 0 , 0 , 38 , 4 , 0 , 0
156 , 2024-01-11 12:26:04.659948 , 0 , 0 , 38 , 4 , 0 , 0
157 , 2024-01-11 12:26:08.779927 , 0 , 0 , 38 , 4 , 0 , 0
158 , 2024-01-11 12:26:13.410301 , 1 , 0 , 39 , 4 , 1 , 0 , Unknown
159 , 2024-01-11 12:26:17.543603 , 0 , 0 , 39 , 4 , 0 , 0
160 , 2024-01-11 12:26:21.326405 , 0 , 0 , 39 , 4 , 0 , 0
161 , 2024-01-11 12:26:25.010717 , 0 , 0 , 39 , 4 , 0 , 0
162 , 2024-01-11 12:26:29.763119 , 2 , 0 , 41 , 4 , 1 , 1 , Unknown , Unknown
163 , 2024-01-11 12:26:33.429171 , 0 , 0 , 41 , 4 , 0 , 0
164 , 2024-01-11 12:26:37.074946 , 0 , 0 , 41 , 4 , 0 , 0
165 , 2024-01-11 12:26:40.829541 , 0 , 0 , 41 , 4 , 0 , 0
166 , 2024-01-11 12:26:45.266885 , 0 , 0 , 41 , 4 , 0 , 0
167 , 2024-01-11 12:26:49.760589 , 0 , 0 , 41 , 4 , 0 , 0
168 , 2024-01-11 12:26:54.367510 , 0 , 0 , 41 , 4 , 0 , 0
169 , 2024-01-11 12:26:58.714868 , 0 , 0 , 41 , 4 , 0 , 0
170 , 2024-01-11 12:27:03.670406 , 0 , 0 , 41 , 4 , 0 , 0
171 , 2024-01-11 12:27:08.012292 , 0 , 0 , 41 , 4 , 0 , 0
172 , 2024-01-11 12:27:12.024922 , 0 , 0 , 41 , 4 , 0 , 0
173 , 2024-01-11 12:27:15.995567 , 0 , 0 , 41 , 4 , 0 , 0
174 , 2024-01-11 12:27:19.934133 , 0 , 0 , 41 , 4 , 0 , 0
175 , 2024-01-11 12:27:23.845245 , 0 , 0 , 41 , 4 , 0 , 0
176 , 2024-01-11 12:27:27.796805 , 0 , 0 , 41 , 4 , 0 , 0
177 , 2024-01-11 12:27:32.001440 , 0 , 0 , 41 , 4 , 0 , 0
178 , 2024-01-11 12:27:36.507923 , 0 , 0 , 41 , 4 , 0 , 0
179 , 2024-01-11 12:27:41.614866 , 2 , 0 , 43 , 4 , 2 , 0 , Unknown , Unknown
180 , 2024-01-11 12:27:45.312103 , 0 , 0 , 43 , 4 , 0 , 0
181 , 2024-01-11 12:27:49.213150 , 0 , 0 , 43 , 4 , 0 , 0
182 , 2024-01-11 12:27:53.021734 , 0 , 0 , 43 , 4 , 0 , 0
183 , 2024-01-11 12:27:56.950368 , 0 , 0 , 43 , 4 , 0 , 0
184 , 2024-01-11 12:28:01.035781 , 0 , 0 , 43 , 4 , 0 , 0
185 , 2024-01-11 12:28:04.809074 , 0 , 0 , 43 , 4 , 0 , 0
186 , 2024-01-11 12:28:08.716617 , 0 , 0 , 43 , 4 , 0 , 0
187 , 2024-01-11 12:28:12.493487 , 0 , 0 , 43 , 4 , 0 , 0
188 , 2024-01-11 12:28:16.894813 , 1 , 0 , 44 , 4 , 1 , 0 , Unknown
189 , 2024-01-11 12:28:21.196447 , 0 , 0 , 44 , 4 , 0 , 0
190 , 2024-01-11 12:28:25.197886 , 0 , 0 , 44 , 4 , 0 , 0
191 , 2024-01-11 12:28:28.988539 , 0 , 0 , 44 , 4 , 0 , 0
192 , 2024-01-11 12:28:33.391092 , 0 , 1 , 44 , 5 , 1 , 0 , Unknown
193 , 2024-01-11 12:28:38.033620 , 0 , 0 , 44 , 5 , 0 , 0
194 , 2024-01-11 12:28:42.325365 , 0 , 0 , 44 , 5 , 0 , 0
195 , 2024-01-11 12:28:46.214695 , 0 , 0 , 44 , 5 , 0 , 0
196 , 2024-01-11 12:28:50.547322 , 0 , 0 , 44 , 5 , 0 , 0
197 , 2024-01-11 12:28:54.502289 , 0 , 0 , 44 , 5 , 0 , 0
198 , 2024-01-11 12:28:58.368020 , 0 , 0 , 44 , 5 , 0 , 0
199 , 2024-01-11 12:29:03.062987 , 0 , 0 , 44 , 5 , 0 , 0
200 , 2024-01-11 12:29:08.272424 , 1 , 0 , 45 , 5 , 1 , 0 , Unknown
201 , 2024-01-11 12:29:12.764927 , 0 , 0 , 45 , 5 , 0 , 0
202 , 2024-01-11 12:29:16.914960 , 0 , 0 , 45 , 5 , 0 , 0
203 , 2024-01-11 12:29:21.217294 , 0 , 0 , 45 , 5 , 0 , 0
204 , 2024-01-11 12:29:25.202764 , 0 , 0 , 45 , 5 , 0 , 0
205 , 2024-01-11 12:29:29.311897 , 0 , 0 , 45 , 5 , 0 , 0
206 , 2024-01-11 12:29:32.936368 , 0 , 0 , 45 , 5 , 0 , 0
207 , 2024-01-11 12:29:36.896255 , 0 , 0 , 45 , 5 , 0 , 0
208 , 2024-01-11 12:29:40.843796 , 0 , 0 , 45 , 5 , 0 , 0
209 , 2024-01-11 12:29:44.603427 , 0 , 0 , 45 , 5 , 0 , 0
210 , 2024-01-11 12:29:48.931720 , 0 , 0 , 45 , 5 , 0 , 0
211 , 2024-01-11 12:29:53.197747 , 0 , 0 , 45 , 5 , 0 , 0
212 , 2024-01-11 12:29:57.930050 , 0 , 0 , 45 , 5 , 0 , 0
213 , 2024-01-11 12:30:02.507355 , 0 , 0 , 45 , 5 , 0 , 0
214 , 2024-01-11 12:30:06.324195 , 0 , 0 , 45 , 5 , 0 , 0
215 , 2024-01-11 12:30:10.159377 , 0 , 0 , 45 , 5 , 0 , 0
216 , 2024-01-11 12:30:14.780529 , 0 , 0 , 45 , 5 , 0 , 0
217 , 2024-01-11 12:30:19.226120 , 0 , 0 , 45 , 5 , 0 , 0
218 , 2024-01-11 12:30:23.688558 , 0 , 0 , 45 , 5 , 0 , 0
219 , 2024-01-11 12:30:28.650825 , 0 , 1 , 45 , 6 , 1 , 0 , Unknown
220 , 2024-01-11 12:30:33.240754 , 0 , 1 , 45 , 7 , 1 , 0 , Unknown
221 , 2024-01-11 12:30:38.558159 , 0 , 1 , 45 , 8 , 1 , 0 , Unknown
222 , 2024-01-11 12:30:43.084642 , 0 , 0 , 45 , 8 , 0 , 0
223 , 2024-01-11 12:30:48.068454 , 1 , 0 , 46 , 8 , 0 , 1 , Unknown
224 , 2024-01-11 12:30:52.427987 , 0 , 0 , 46 , 8 , 0 , 0
225 , 2024-01-11 12:30:56.587843 , 0 , 0 , 46 , 8 , 0 , 0
226 , 2024-01-11 12:31:00.849865 , 0 , 0 , 46 , 8 , 0 , 0
227 , 2024-01-11 12:31:05.708677 , 0 , 0 , 46 , 8 , 0 , 0
228 , 2024-01-11 12:31:10.134289 , 0 , 0 , 46 , 8 , 0 , 0
229 , 2024-01-11 12:31:15.223836 , 0 , 2 , 46 , 10 , 2 , 0 , Unknown , Unknown
230 , 2024-01-11 12:31:19.656032 , 0 , 0 , 46 , 10 , 0 , 0
231 , 2024-01-11 12:31:23.950523 , 0 , 0 , 46 , 10 , 0 , 0
232 , 2024-01-11 12:31:28.333945 , 0 , 0 , 46 , 10 , 0 , 0
233 , 2024-01-11 12:31:32.638284 , 0 , 0 , 46 , 10 , 0 , 0
234 , 2024-01-11 12:31:37.133080 , 0 , 0 , 46 , 10 , 0 , 0
235 , 2024-01-11 12:31:41.502901 , 0 , 0 , 46 , 10 , 0 , 0
236 , 2024-01-11 12:31:46.058756 , 0 , 0 , 46 , 10 , 0 , 0
237 , 2024-01-11 12:31:50.079629 , 0 , 0 , 46 , 10 , 0 , 0
238 , 2024-01-11 12:31:54.242632 , 0 , 0 , 46 , 10 , 0 , 0
239 , 2024-01-11 12:31:58.853888 , 0 , 1 , 46 , 11 , 1 , 0 , Unknown
240 , 2024-01-11 12:32:03.155466 , 0 , 0 , 46 , 11 , 0 , 0
241 , 2024-01-11 12:32:07.362882 , 0 , 0 , 46 , 11 , 0 , 0
242 , 2024-01-11 12:32:11.546520 , 0 , 0 , 46 , 11 , 0 , 0
243 , 2024-01-11 12:32:15.783180 , 0 , 1 , 46 , 12 , 1 , 0 , Unknown
244 , 2024-01-11 12:32:20.164354 , 0 , 0 , 46 , 12 , 0 , 0
245 , 2024-01-11 12:32:24.377329 , 0 , 0 , 46 , 12 , 0 , 0
246 , 2024-01-11 12:32:28.348647 , 0 , 0 , 46 , 12 , 0 , 0
247 , 2024-01-11 12:32:31.967450 , 0 , 0 , 46 , 12 , 0 , 0
248 , 2024-01-11 12:32:35.623759 , 0 , 0 , 46 , 12 , 0 , 0
249 , 2024-01-11 12:32:40.042638 , 0 , 0 , 46 , 12 , 0 , 0
250 , 2024-01-11 12:32:43.709180 , 0 , 0 , 46 , 12 , 0 , 0
251 , 2024-01-11 12:32:47.965445 , 0 , 0 , 46 , 12 , 0 , 0
252 , 2024-01-11 12:32:51.986506 , 0 , 0 , 46 , 12 , 0 , 0
253 , 2024-01-11 12:32:56.027613 , 0 , 0 , 46 , 12 , 0 , 0
254 , 2024-01-11 12:33:00.049425 , 0 , 0 , 46 , 12 , 0 , 0
255 , 2024-01-11 12:33:04.662835 , 0 , 1 , 46 , 13 , 1 , 0 , Unknown
256 , 2024-01-11 12:33:08.794485 , 0 , 0 , 46 , 13 , 0 , 0
257 , 2024-01-11 12:33:13.248364 , 0 , 0 , 46 , 13 , 0 , 0
258 , 2024-01-11 12:33:17.454495 , 0 , 0 , 46 , 13 , 0 , 0
259 , 2024-01-11 12:33:21.401235 , 0 , 0 , 46 , 13 , 0 , 0
260 , 2024-01-11 12:33:25.497107 , 0 , 0 , 46 , 13 , 0 , 0
261 , 2024-01-11 12:33:29.294770 , 0 , 0 , 46 , 13 , 0 , 0
262 , 2024-01-11 12:33:33.301449 , 0 , 0 , 46 , 13 , 0 , 0
263 , 2024-01-11 12:33:37.381088 , 0 , 0 , 46 , 13 , 0 , 0
264 , 2024-01-11 12:33:41.429524 , 0 , 0 , 46 , 13 , 0 , 0
265 , 2024-01-11 12:33:45.280504 , 0 , 0 , 46 , 13 , 0 , 0
266 , 2024-01-11 12:33:49.265517 , 0 , 0 , 46 , 13 , 0 , 0
267 , 2024-01-11 12:33:52.976956 , 0 , 0 , 46 , 13 , 0 , 0
268 , 2024-01-11 12:33:58.346146 , 2 , 0 , 48 , 13 , 2 , 0 , Unknown , Unknown
269 , 2024-01-11 12:34:02.937603 , 1 , 0 , 49 , 13 , 0 , 1 , Unknown
270 , 2024-01-11 12:34:06.561203 , 0 , 0 , 49 , 13 , 0 , 0
271 , 2024-01-11 12:34:10.568541 , 0 , 0 , 49 , 13 , 0 , 0
272 , 2024-01-11 12:34:14.519676 , 0 , 0 , 49 , 13 , 0 , 0
273 , 2024-01-11 12:34:18.452429 , 0 , 0 , 49 , 13 , 0 , 0
274 , 2024-01-11 12:34:22.499399 , 0 , 0 , 49 , 13 , 0 , 0
275 , 2024-01-11 12:34:26.971864 , 0 , 0 , 49 , 13 , 0 , 0
276 , 2024-01-11 12:34:31.603115 , 0 , 1 , 49 , 14 , 1 , 0 , Unknown
277 , 2024-01-11 12:34:36.099130 , 0 , 0 , 49 , 14 , 0 , 0
278 , 2024-01-11 12:34:40.030641 , 0 , 0 , 49 , 14 , 0 , 0
279 , 2024-01-11 12:34:44.359407 , 0 , 0 , 49 , 14 , 0 , 0
280 , 2024-01-11 12:34:48.264526 , 0 , 0 , 49 , 14 , 0 , 0
281 , 2024-01-11 12:34:52.277961 , 0 , 0 , 49 , 14 , 0 , 0
282 , 2024-01-11 12:34:56.588618 , 0 , 0 , 49 , 14 , 0 , 0
283 , 2024-01-11 12:35:00.403745 , 0 , 0 , 49 , 14 , 0 , 0
284 , 2024-01-11 12:35:03.985565 , 0 , 0 , 49 , 14 , 0 , 0
285 , 2024-01-11 12:35:07.591869 , 0 , 0 , 49 , 14 , 0 , 0
286 , 2024-01-11 12:35:11.229213 , 0 , 0 , 49 , 14 , 0 , 0
287 , 2024-01-11 12:35:14.818989 , 0 , 0 , 49 , 14 , 0 , 0
288 , 2024-01-11 12:35:19.439294 , 2 , 0 , 51 , 14 , 2 , 0 , Unknown , Unknown
289 , 2024-01-11 12:35:23.534819 , 1 , 0 , 52 , 14 , 0 , 1 , Unknown
290 , 2024-01-11 12:35:27.126031 , 0 , 0 , 52 , 14 , 0 , 0
291 , 2024-01-11 12:35:30.695440 , 0 , 0 , 52 , 14 , 0 , 0
292 , 2024-01-11 12:35:34.246249 , 0 , 0 , 52 , 14 , 0 , 0
293 , 2024-01-11 12:35:37.831524 , 0 , 0 , 52 , 14 , 0 , 0
294 , 2024-01-11 12:35:41.415037 , 0 , 0 , 52 , 14 , 0 , 0
295 , 2024-01-11 12:35:44.975409 , 0 , 0 , 52 , 14 , 0 , 0
296 , 2024-01-11 12:35:49.073905 , 1 , 0 , 53 , 14 , 1 , 0 , Unknown
297 , 2024-01-11 12:35:52.664053 , 0 , 0 , 53 , 14 , 0 , 0
298 , 2024-01-11 12:35:56.834042 , 1 , 0 , 54 , 14 , 0 , 1 , Unknown
299 , 2024-01-11 12:36:00.898755 , 1 , 0 , 55 , 14 , 0 , 1 , Unknown
300 , 2024-01-11 12:36:04.491676 , 0 , 0 , 55 , 14 , 0 , 0
301 , 2024-01-11 12:36:08.087632 , 0 , 0 , 55 , 14 , 0 , 0
302 , 2024-01-11 12:36:11.667548 , 0 , 0 , 55 , 14 , 0 , 0
303 , 2024-01-11 12:36:15.205692 , 0 , 0 , 55 , 14 , 0 , 0
304 , 2024-01-11 12:36:18.764716 , 0 , 0 , 55 , 14 , 0 , 0
305 , 2024-01-11 12:36:22.813699 , 1 , 0 , 56 , 14 , 1 , 0 , Unknown
306 , 2024-01-11 12:36:26.344247 , 0 , 0 , 56 , 14 , 0 , 0
307 , 2024-01-11 12:36:29.908642 , 0 , 0 , 56 , 14 , 0 , 0
308 , 2024-01-11 12:36:33.503935 , 0 , 0 , 56 , 14 , 0 , 0
309 , 2024-01-11 12:36:37.127011 , 0 , 0 , 56 , 14 , 0 , 0
310 , 2024-01-11 12:36:41.784981 , 2 , 0 , 58 , 14 , 1 , 1 , Unknown , Unknown
311 , 2024-01-11 12:36:45.939258 , 1 , 0 , 59 , 14 , 1 , 0 , Unknown
312 , 2024-01-11 12:36:49.557888 , 0 , 0 , 59 , 14 , 0 , 0
313 , 2024-01-11 12:36:54.170196 , 2 , 0 , 61 , 14 , 2 , 0 , Unknown , Unknown
314 , 2024-01-11 12:36:57.739023 , 0 , 0 , 61 , 14 , 0 , 0
315 , 2024-01-11 12:37:01.290247 , 0 , 0 , 61 , 14 , 0 , 0
316 , 2024-01-11 12:37:04.845307 , 0 , 0 , 61 , 14 , 0 , 0
317 , 2024-01-11 12:37:08.435123 , 0 , 0 , 61 , 14 , 0 , 0
318 , 2024-01-11 12:37:12.021808 , 0 , 0 , 61 , 14 , 0 , 0
319 , 2024-01-11 12:37:15.601049 , 0 , 0 , 61 , 14 , 0 , 0
320 , 2024-01-11 12:37:19.172593 , 0 , 0 , 61 , 14 , 0 , 0
321 , 2024-01-11 12:37:22.752601 , 0 , 0 , 61 , 14 , 0 , 0
322 , 2024-01-11 12:37:26.351472 , 0 , 0 , 61 , 14 , 0 , 0
323 , 2024-01-11 12:37:29.933837 , 0 , 0 , 61 , 14 , 0 , 0
324 , 2024-01-11 12:37:33.531001 , 0 , 0 , 61 , 14 , 0 , 0
325 , 2024-01-11 12:37:37.094132 , 0 , 0 , 61 , 14 , 0 , 0
326 , 2024-01-11 12:37:40.650509 , 0 , 0 , 61 , 14 , 0 , 0
327 , 2024-01-11 12:37:44.738124 , 0 , 1 , 61 , 15 , 1 , 0 , Unknown
328 , 2024-01-11 12:37:48.330221 , 0 , 0 , 61 , 15 , 0 , 0
329 , 2024-01-11 12:37:51.926004 , 0 , 0 , 61 , 15 , 0 , 0
330 , 2024-01-11 12:37:55.483803 , 0 , 0 , 61 , 15 , 0 , 0
331 , 2024-01-11 12:37:59.017345 , 0 , 0 , 61 , 15 , 0 , 0
332 , 2024-01-11 12:38:02.555487 , 0 , 0 , 61 , 15 , 0 , 0
333 , 2024-01-11 12:38:06.124653 , 0 , 0 , 61 , 15 , 0 , 0
334 , 2024-01-11 12:38:09.718938 , 0 , 0 , 61 , 15 , 0 , 0
335 , 2024-01-11 12:38:14.835122 , 0 , 3 , 61 , 18 , 3 , 0 , Unknown , Unknown , Unknown
336 , 2024-01-11 12:38:18.461988 , 0 , 0 , 61 , 18 , 0 , 0
337 , 2024-01-11 12:38:22.052305 , 0 , 0 , 61 , 18 , 0 , 0
338 , 2024-01-11 12:38:26.178369 , 0 , 1 , 61 , 19 , 1 , 0 , Unknown
339 , 2024-01-11 12:38:29.837573 , 0 , 0 , 61 , 19 , 0 , 0
340 , 2024-01-11 12:38:33.441633 , 0 , 0 , 61 , 19 , 0 , 0
341 , 2024-01-11 12:38:37.042234 , 0 , 0 , 61 , 19 , 0 , 0
342 , 2024-01-11 12:38:40.669963 , 0 , 0 , 61 , 19 , 0 , 0
343 , 2024-01-11 12:38:44.767000 , 1 , 0 , 62 , 19 , 0 , 1 , Unknown
344 , 2024-01-11 12:38:48.355290 , 0 , 0 , 62 , 19 , 0 , 0
345 , 2024-01-11 12:38:51.955189 , 0 , 0 , 62 , 19 , 0 , 0
346 , 2024-01-11 12:38:56.134954 , 1 , 0 , 63 , 19 , 1 , 0 , Unknown
347 , 2024-01-11 12:38:59.702914 , 0 , 0 , 63 , 19 , 0 , 0
348 , 2024-01-11 12:39:03.782320 , 1 , 0 , 64 , 19 , 1 , 0 , Unknown
349 , 2024-01-11 12:39:07.356545 , 0 , 0 , 64 , 19 , 0 , 0
350 , 2024-01-11 12:39:10.923322 , 0 , 0 , 64 , 19 , 0 , 0
351 , 2024-01-11 12:39:14.493406 , 0 , 0 , 64 , 19 , 0 , 0
352 , 2024-01-11 12:39:18.128675 , 0 , 0 , 64 , 19 , 0 , 0
353 , 2024-01-11 12:39:22.752477 , 3 , 0 , 67 , 19 , 2 , 1 , Unknown , Unknown , Unknown
354 , 2024-01-11 12:39:26.871155 , 0 , 0 , 67 , 19 , 0 , 0
355 , 2024-01-11 12:39:30.472811 , 0 , 0 , 67 , 19 , 0 , 0
356 , 2024-01-11 12:39:34.049721 , 0 , 0 , 67 , 19 , 0 , 0
357 , 2024-01-11 12:39:37.616206 , 0 , 0 , 67 , 19 , 0 , 0
358 , 2024-01-11 12:39:41.229443 , 0 , 0 , 67 , 19 , 0 , 0
359 , 2024-01-11 12:39:44.845817 , 0 , 0 , 67 , 19 , 0 , 0
360 , 2024-01-11 12:39:48.516294 , 0 , 0 , 67 , 19 , 0 , 0
361 , 2024-01-11 12:39:52.131455 , 0 , 0 , 67 , 19 , 0 , 0
362 , 2024-01-11 12:39:55.772709 , 0 , 0 , 67 , 19 , 0 , 0
363 , 2024-01-11 12:40:00.077587 , 0 , 0 , 67 , 19 , 0 , 0
364 , 2024-01-11 12:40:04.848802 , 0 , 0 , 67 , 19 , 0 , 0
365 , 2024-01-11 12:40:11.263625 , 3 , 0 , 70 , 19 , 3 , 0 , Unknown , Unknown , Unknown
366 , 2024-01-11 12:40:17.834688 , 4 , 0 , 74 , 19 , 4 , 0 , Unknown , Unknown , Unknown , Unknown
367 , 2024-01-11 12:40:22.635968 , 1 , 0 , 75 , 19 , 1 , 0 , Unknown
368 , 2024-01-11 12:40:27.468418 , 0 , 0 , 75 , 19 , 0 , 0
369 , 2024-01-11 12:40:32.326276 , 0 , 0 , 75 , 19 , 0 , 0
370 , 2024-01-11 12:40:37.416331 , 1 , 0 , 76 , 19 , 1 , 0 , Unknown
371 , 2024-01-11 12:40:42.204482 , 0 , 0 , 76 , 19 , 0 , 0
372 , 2024-01-11 12:40:47.224105 , 2 , 0 , 78 , 19 , 2 , 0 , Unknown , Unknown
373 , 2024-01-11 12:40:52.525467 , 0 , 0 , 78 , 19 , 0 , 0
374 , 2024-01-11 12:40:58.120677 , 2 , 0 , 80 , 19 , 2 , 0 , Unknown , Unknown
375 , 2024-01-11 12:41:01.947988 , 0 , 0 , 80 , 19 , 0 , 0
376 , 2024-01-11 12:41:06.431363 , 0 , 0 , 80 , 19 , 0 , 0
377 , 2024-01-11 12:41:11.076924 , 0 , 0 , 80 , 19 , 0 , 0
378 , 2024-01-11 12:41:15.629297 , 0 , 0 , 80 , 19 , 0 , 0
379 , 2024-01-11 12:41:20.061033 , 0 , 0 , 80 , 19 , 0 , 0
380 , 2024-01-11 12:41:25.161823 , 0 , 1 , 80 , 20 , 1 , 0 , Unknown
381 , 2024-01-11 12:41:29.950311 , 0 , 0 , 80 , 20 , 0 , 0
382 , 2024-01-11 12:41:34.688078 , 0 , 0 , 80 , 20 , 0 , 0
383 , 2024-01-11 12:41:38.962306 , 0 , 0 , 80 , 20 , 0 , 0
384 , 2024-01-11 12:41:43.896281 , 0 , 0 , 80 , 20 , 0 , 0
385 , 2024-01-11 12:41:49.507916 , 2 , 0 , 82 , 20 , 2 , 0 , Unknown , Unknown
386 , 2024-01-11 12:41:54.936183 , 1 , 0 , 83 , 20 , 1 , 0 , Unknown
387 , 2024-01-11 12:41:59.866663 , 0 , 0 , 83 , 20 , 0 , 0
388 , 2024-01-11 12:42:04.517971 , 0 , 0 , 83 , 20 , 0 , 0
389 , 2024-01-11 12:42:08.971703 , 0 , 0 , 83 , 20 , 0 , 0
390 , 2024-01-11 12:42:13.192773 , 1 , 0 , 84 , 20 , 1 , 0 , Unknown
391 , 2024-01-11 12:42:17.384345 , 1 , 0 , 85 , 20 , 1 , 0 , Unknown
392 , 2024-01-11 12:42:21.554068 , 1 , 0 , 86 , 20 , 1 , 0 , Unknown
393 , 2024-01-11 12:42:25.276881 , 0 , 0 , 86 , 20 , 0 , 0
394 , 2024-01-11 12:42:29.472754 , 0 , 1 , 86 , 21 , 1 , 0 , Unknown
395 , 2024-01-11 12:42:33.119473 , 0 , 0 , 86 , 21 , 0 , 0
396 , 2024-01-11 12:42:36.719270 , 0 , 0 , 86 , 21 , 0 , 0
397 , 2024-01-11 12:42:40.324240 , 0 , 0 , 86 , 21 , 0 , 0
398 , 2024-01-11 12:42:43.919239 , 0 , 0 , 86 , 21 , 0 , 0
399 , 2024-01-11 12:42:47.487697 , 0 , 0 , 86 , 21 , 0 , 0
400 , 2024-01-11 12:42:51.177386 , 0 , 0 , 86 , 21 , 0 , 0
401 , 2024-01-11 12:42:55.252785 , 1 , 0 , 87 , 21 , 1 , 0 , Unknown
402 , 2024-01-11 12:42:58.829400 , 0 , 0 , 87 , 21 , 0 , 0
403 , 2024-01-11 12:43:02.406753 , 0 , 0 , 87 , 21 , 0 , 0
404 , 2024-01-11 12:43:05.963945 , 0 , 0 , 87 , 21 , 0 , 0
405 , 2024-01-11 12:43:09.539363 , 0 , 0 , 87 , 21 , 0 , 0
406 , 2024-01-11 12:43:13.154510 , 0 , 0 , 87 , 21 , 0 , 0
407 , 2024-01-11 12:43:16.746112 , 0 , 0 , 87 , 21 , 0 , 0
408 , 2024-01-11 12:43:20.314601 , 0 , 0 , 87 , 21 , 0 , 0
409 , 2024-01-11 12:43:23.868805 , 0 , 0 , 87 , 21 , 0 , 0
410 , 2024-01-11 12:43:27.446457 , 0 , 0 , 87 , 21 , 0 , 0
411 , 2024-01-11 12:43:31.537764 , 1 , 0 , 88 , 21 , 1 , 0 , Unknown
412 , 2024-01-11 12:43:35.097360 , 0 , 0 , 88 , 21 , 0 , 0
413 , 2024-01-11 12:43:38.661867 , 0 , 0 , 88 , 21 , 0 , 0
414 , 2024-01-11 12:43:42.257511 , 0 , 0 , 88 , 21 , 0 , 0
415 , 2024-01-11 12:43:45.950214 , 0 , 0 , 88 , 21 , 0 , 0
416 , 2024-01-11 12:43:49.566120 , 0 , 0 , 88 , 21 , 0 , 0
417 , 2024-01-11 12:43:53.153919 , 0 , 0 , 88 , 21 , 0 , 0
418 , 2024-01-11 12:43:57.275038 , 1 , 0 , 89 , 21 , 1 , 0 , Unknown
419 , 2024-01-11 12:44:00.904356 , 0 , 0 , 89 , 21 , 0 , 0
420 , 2024-01-11 12:44:04.523806 , 0 , 0 , 89 , 21 , 0 , 0
421 , 2024-01-11 12:44:08.123281 , 0 , 0 , 89 , 21 , 0 , 0
422 , 2024-01-11 12:44:12.262387 , 1 , 0 , 90 , 21 , 1 , 0 , Unknown
423 , 2024-01-11 12:44:17.441098 , 3 , 0 , 93 , 21 , 3 , 0 , Female 30 , Unknown , Unknown
424 , 2024-01-11 12:44:21.114584 , 0 , 0 , 93 , 21 , 0 , 0
425 , 2024-01-11 12:44:24.771805 , 0 , 0 , 93 , 21 , 0 , 0
426 , 2024-01-11 12:44:28.394786 , 0 , 0 , 93 , 21 , 0 , 0
427 , 2024-01-11 12:44:33.034396 , 2 , 0 , 95 , 21 , 2 , 0 , Unknown , Unknown
428 , 2024-01-11 12:44:36.663178 , 0 , 0 , 95 , 21 , 0 , 0
429 , 2024-01-11 12:44:40.256416 , 0 , 0 , 95 , 21 , 0 , 0
430 , 2024-01-11 12:44:43.892848 , 1 , 0 , 96 , 21 , 1 , 0 , Unknown
431 , 2024-01-11 12:44:48.024577 , 0 , 0 , 96 , 21 , 0 , 0
432 , 2024-01-11 12:44:52.148697 , 1 , 0 , 97 , 21 , 1 , 0 , Male 27
433 , 2024-01-11 12:44:55.749504 , 0 , 0 , 97 , 21 , 0 , 0
434 , 2024-01-11 12:44:59.871199 , 1 , 0 , 98 , 21 , 1 , 0 , Unknown
435 , 2024-01-11 12:45:04.511261 , 2 , 0 , 100 , 21 , 2 , 0 , Unknown , Unknown
436 , 2024-01-11 12:45:08.135205 , 0 , 0 , 100 , 21 , 0 , 0
437 , 2024-01-11 12:45:12.276331 , 0 , 1 , 100 , 22 , 1 , 0 , Unknown
438 , 2024-01-11 12:45:15.896656 , 0 , 0 , 100 , 22 , 0 , 0
439 , 2024-01-11 12:45:19.498723 , 0 , 0 , 100 , 22 , 0 , 0
440 , 2024-01-11 12:45:23.123895 , 0 , 0 , 100 , 22 , 0 , 0
441 , 2024-01-11 12:45:26.711279 , 0 , 0 , 100 , 22 , 0 , 0
442 , 2024-01-11 12:45:30.321178 , 0 , 0 , 100 , 22 , 0 , 0
443 , 2024-01-11 12:45:34.403538 , 1 , 0 , 101 , 22 , 1 , 0 , Unknown
444 , 2024-01-11 12:45:38.010299 , 0 , 0 , 101 , 22 , 0 , 0
445 , 2024-01-11 12:45:42.131168 , 1 , 0 , 102 , 22 , 1 , 0 , Unknown
446 , 2024-01-11 12:45:46.274865 , 1 , 0 , 103 , 22 , 1 , 0 , Unknown
447 , 2024-01-11 12:45:49.907253 , 0 , 0 , 103 , 22 , 0 , 0
448 , 2024-01-11 12:45:53.526537 , 0 , 0 , 103 , 22 , 0 , 0
449 , 2024-01-11 12:45:57.125123 , 0 , 0 , 103 , 22 , 0 , 0
450 , 2024-01-11 12:46:00.709829 , 0 , 0 , 103 , 22 , 0 , 0
451 , 2024-01-11 12:46:04.300786 , 0 , 0 , 103 , 22 , 0 , 0
452 , 2024-01-11 12:46:07.941458 , 0 , 0 , 103 , 22 , 0 , 0
453 , 2024-01-11 12:46:11.590655 , 0 , 0 , 103 , 22 , 0 , 0
454 , 2024-01-11 12:46:15.732350 , 1 , 0 , 104 , 22 , 1 , 0 , Unknown
455 , 2024-01-11 12:46:20.874169 , 3 , 0 , 107 , 22 , 3 , 0 , Unknown , Unknown , Unknown
456 , 2024-01-11 12:46:24.484561 , 0 , 0 , 107 , 22 , 0 , 0
457 , 2024-01-11 12:46:28.589405 , 1 , 0 , 108 , 22 , 1 , 0 , Unknown
458 , 2024-01-11 12:46:32.689554 , 1 , 0 , 109 , 22 , 1 , 0 , Unknown
459 , 2024-01-11 12:46:36.279414 , 0 , 0 , 109 , 22 , 0 , 0
460 , 2024-01-11 12:46:40.352442 , 0 , 1 , 109 , 23 , 1 , 0 , Unknown
461 , 2024-01-11 12:46:44.442200 , 0 , 1 , 109 , 24 , 1 , 0 , Unknown
462 , 2024-01-11 12:46:48.144675 , 0 , 0 , 109 , 24 , 0 , 0
463 , 2024-01-11 12:46:51.754916 , 0 , 0 , 109 , 24 , 0 , 0
464 , 2024-01-11 12:46:55.877072 , 1 , 0 , 110 , 24 , 1 , 0 , Unknown
465 , 2024-01-11 12:47:00.517071 , 2 , 0 , 112 , 24 , 2 , 0 , Unknown , Unknown
466 , 2024-01-11 12:47:04.633635 , 1 , 0 , 113 , 24 , 0 , 1 , Unknown
467 , 2024-01-11 12:47:08.245646 , 0 , 0 , 113 , 24 , 0 , 0
468 , 2024-01-11 12:47:11.859564 , 0 , 0 , 113 , 24 , 0 , 0
469 , 2024-01-11 12:47:15.496104 , 0 , 0 , 113 , 24 , 0 , 0
470 , 2024-01-11 12:47:19.611067 , 1 , 0 , 114 , 24 , 1 , 0 , Male 27
471 , 2024-01-11 12:47:23.726086 , 1 , 0 , 115 , 24 , 1 , 0 , Unknown
472 , 2024-01-11 12:47:27.839451 , 1 , 0 , 116 , 24 , 1 , 0 , Unknown
473 , 2024-01-11 12:47:31.436467 , 0 , 0 , 116 , 24 , 0 , 0
474 , 2024-01-11 12:47:36.548909 , 3 , 0 , 119 , 24 , 3 , 0 , Unknown , Unknown , Unknown
475 , 2024-01-11 12:47:40.148383 , 0 , 0 , 119 , 24 , 0 , 0
476 , 2024-01-11 12:47:44.246170 , 0 , 1 , 119 , 25 , 1 , 0 , Unknown
477 , 2024-01-11 12:47:48.852400 , 2 , 0 , 121 , 25 , 2 , 0 , Unknown , Unknown
478 , 2024-01-11 12:47:52.964101 , 1 , 0 , 122 , 25 , 1 , 0 , Unknown
479 , 2024-01-11 12:47:56.557364 , 0 , 0 , 122 , 25 , 0 , 0
480 , 2024-01-11 12:48:00.244670 , 0 , 0 , 122 , 25 , 0 , 0
481 , 2024-01-11 12:48:03.881938 , 0 , 0 , 122 , 25 , 0 , 0
482 , 2024-01-11 12:48:07.558646 , 1 , 0 , 123 , 25 , 1 , 0 , Unknown
483 , 2024-01-11 12:48:13.715376 , 3 , 1 , 126 , 26 , 4 , 0 , Unknown , Unknown , Unknown , Unknown
484 , 2024-01-11 12:48:18.366070 , 2 , 0 , 128 , 26 , 1 , 1 , Unknown , Unknown
485 , 2024-01-11 12:48:21.975536 , 0 , 0 , 128 , 26 , 0 , 0
486 , 2024-01-11 12:48:25.585245 , 0 , 0 , 128 , 26 , 0 , 0
487 , 2024-01-11 12:48:29.162511 , 0 , 0 , 128 , 26 , 0 , 0
488 , 2024-01-11 12:48:33.736715 , 2 , 0 , 130 , 26 , 0 , 2 , Male 31 , Unknown
489 , 2024-01-11 12:48:37.306268 , 0 , 0 , 130 , 26 , 0 , 0
490 , 2024-01-11 12:48:40.907676 , 0 , 0 , 130 , 26 , 0 , 0
491 , 2024-01-11 12:48:44.502198 , 0 , 0 , 130 , 26 , 0 , 0
492 , 2024-01-11 12:48:49.097600 , 2 , 0 , 132 , 26 , 2 , 0 , Unknown , Unknown
493 , 2024-01-11 12:48:52.666345 , 0 , 0 , 132 , 26 , 0 , 0
494 , 2024-01-11 12:48:56.258247 , 0 , 0 , 132 , 26 , 0 , 0
495 , 2024-01-11 12:48:59.858409 , 0 , 0 , 132 , 26 , 0 , 0
496 , 2024-01-11 12:49:03.416020 , 0 , 0 , 132 , 26 , 0 , 0
497 , 2024-01-11 12:49:06.952643 , 0 , 0 , 132 , 26 , 0 , 0
498 , 2024-01-11 12:49:10.500166 , 0 , 0 , 132 , 26 , 0 , 0
499 , 2024-01-11 12:49:14.316291 , 0 , 0 , 132 , 26 , 0 , 0
500 , 2024-01-11 12:49:18.585949 , 0 , 0 , 132 , 26 , 0 , 0
501 , 2024-01-11 12:49:23.356796 , 2 , 0 , 134 , 26 , 2 , 0 , Unknown , Unknown
502 , 2024-01-11 12:49:27.238391 , 0 , 0 , 134 , 26 , 0 , 0
503 , 2024-01-11 12:49:32.149908 , 2 , 0 , 136 , 26 , 2 , 0 , Unknown , Unknown
504 , 2024-01-11 12:49:36.121366 , 0 , 0 , 136 , 26 , 0 , 0
505 , 2024-01-11 12:49:39.874404 , 0 , 0 , 136 , 26 , 0 , 0
506 , 2024-01-11 12:49:43.607347 , 0 , 0 , 136 , 26 , 0 , 0
507 , 2024-01-11 12:49:47.814891 , 0 , 1 , 136 , 27 , 1 , 0 , Unknown
508 , 2024-01-11 12:49:51.835301 , 0 , 0 , 136 , 27 , 0 , 0
509 , 2024-01-11 12:49:55.729259 , 0 , 0 , 136 , 27 , 0 , 0
510 , 2024-01-11 12:49:59.587892 , 0 , 0 , 136 , 27 , 0 , 0
511 , 2024-01-11 12:50:05.186373 , 2 , 0 , 138 , 27 , 2 , 0 , Unknown , Unknown
512 , 2024-01-11 12:50:10.219179 , 2 , 0 , 140 , 27 , 2 , 0 , Unknown , Unknown
513 , 2024-01-11 12:50:14.493537 , 1 , 0 , 141 , 27 , 1 , 0 , Unknown
514 , 2024-01-11 12:50:18.198930 , 0 , 0 , 141 , 27 , 0 , 0
515 , 2024-01-11 12:50:21.983890 , 0 , 0 , 141 , 27 , 0 , 0
516 , 2024-01-11 12:50:25.653946 , 0 , 0 , 141 , 27 , 0 , 0
517 , 2024-01-11 12:50:29.340938 , 0 , 0 , 141 , 27 , 0 , 0
518 , 2024-01-11 12:50:34.289945 , 2 , 0 , 143 , 27 , 2 , 0 , Unknown , Unknown
519 , 2024-01-11 12:50:38.462384 , 0 , 0 , 143 , 27 , 0 , 0
520 , 2024-01-11 12:50:42.609736 , 0 , 0 , 143 , 27 , 0 , 0
521 , 2024-01-11 12:50:47.205206 , 0 , 0 , 143 , 27 , 0 , 0
522 , 2024-01-11 12:50:52.082917 , 1 , 0 , 144 , 27 , 1 , 0 , Unknown
523 , 2024-01-11 12:50:55.821140 , 0 , 0 , 144 , 27 , 0 , 0
524 , 2024-01-11 12:50:59.470837 , 0 , 0 , 144 , 27 , 0 , 0
525 , 2024-01-11 12:51:04.123569 , 2 , 0 , 146 , 27 , 2 , 0 , Unknown , Unknown
526 , 2024-01-11 12:51:08.248350 , 1 , 0 , 147 , 27 , 1 , 0 , Unknown
527 , 2024-01-11 12:51:12.885088 , 2 , 0 , 149 , 27 , 1 , 1 , Unknown , Unknown
528 , 2024-01-11 12:51:16.510358 , 0 , 0 , 149 , 27 , 0 , 0
529 , 2024-01-11 12:51:20.123782 , 0 , 0 , 149 , 27 , 0 , 0
530 , 2024-01-11 12:51:23.729980 , 0 , 0 , 149 , 27 , 0 , 0
531 , 2024-01-11 12:51:27.342495 , 0 , 0 , 149 , 27 , 0 , 0
532 , 2024-01-11 12:51:31.020371 , 0 , 0 , 149 , 27 , 0 , 0
533 , 2024-01-11 12:51:35.134605 , 0 , 1 , 149 , 28 , 1 , 0 , Unknown
534 , 2024-01-11 12:51:38.732299 , 0 , 0 , 149 , 28 , 0 , 0
535 , 2024-01-11 12:51:42.419706 , 0 , 0 , 149 , 28 , 0 , 0
536 , 2024-01-11 12:51:45.994285 , 0 , 0 , 149 , 28 , 0 , 0
537 , 2024-01-11 12:51:49.585117 , 0 , 0 , 149 , 28 , 0 , 0
538 , 2024-01-11 12:51:53.297602 , 0 , 0 , 149 , 28 , 0 , 0
539 , 2024-01-11 12:51:57.017080 , 0 , 0 , 149 , 28 , 0 , 0
540 , 2024-01-11 12:52:00.791349 , 0 , 0 , 149 , 28 , 0 , 0
541 , 2024-01-11 12:52:04.403585 , 0 , 0 , 149 , 28 , 0 , 0
542 , 2024-01-11 12:52:08.548923 , 0 , 0 , 149 , 28 , 0 , 0
543 , 2024-01-11 12:52:12.624685 , 0 , 0 , 149 , 28 , 0 , 0
544 , 2024-01-11 12:52:17.460842 , 2 , 0 , 151 , 28 , 1 , 1 , Unknown , Unknown
545 , 2024-01-11 12:52:21.173683 , 0 , 0 , 151 , 28 , 0 , 0
546 , 2024-01-11 12:52:24.889054 , 0 , 0 , 151 , 28 , 0 , 0
547 , 2024-01-11 12:52:28.807124 , 0 , 0 , 151 , 28 , 0 , 0
548 , 2024-01-11 12:52:33.739370 , 3 , 0 , 154 , 28 , 3 , 0 , Unknown , Unknown , Unknown
549 , 2024-01-11 12:52:38.482949 , 0 , 0 , 154 , 28 , 0 , 0
550 , 2024-01-11 12:52:42.747335 , 0 , 0 , 154 , 28 , 0 , 0
551 , 2024-01-11 12:52:47.060979 , 1 , 0 , 155 , 28 , 1 , 0 , Unknown
552 , 2024-01-11 12:52:51.355914 , 1 , 0 , 156 , 28 , 1 , 0 , Unknown
553 , 2024-01-11 12:52:55.697088 , 1 , 0 , 157 , 28 , 1 , 0 , Unknown
554 , 2024-01-11 12:53:00.563175 , 2 , 0 , 159 , 28 , 2 , 0 , Unknown , Unknown
555 , 2024-01-11 12:53:04.546360 , 0 , 0 , 159 , 28 , 0 , 0
556 , 2024-01-11 12:53:09.300556 , 1 , 0 , 160 , 28 , 1 , 0 , Unknown
557 , 2024-01-11 12:53:13.560220 , 1 , 0 , 161 , 28 , 1 , 0 , Unknown
558 , 2024-01-11 12:53:17.308210 , 0 , 0 , 161 , 28 , 0 , 0
559 , 2024-01-11 12:53:21.081021 , 0 , 0 , 161 , 28 , 0 , 0
560 , 2024-01-11 12:53:25.376938 , 1 , 0 , 162 , 28 , 1 , 0 , Unknown
561 , 2024-01-11 12:53:30.390029 , 2 , 0 , 164 , 28 , 1 , 1 , Unknown , Unknown
562 , 2024-01-11 12:53:34.318866 , 0 , 0 , 164 , 28 , 0 , 0
563 , 2024-01-11 12:53:39.965021 , 3 , 0 , 167 , 28 , 2 , 1 , Unknown , Unknown , Unknown
564 , 2024-01-11 12:53:44.186611 , 0 , 0 , 167 , 28 , 0 , 0
565 , 2024-01-11 12:53:47.944648 , 0 , 0 , 167 , 28 , 0 , 0
566 , 2024-01-11 12:53:51.664579 , 0 , 0 , 167 , 28 , 0 , 0
567 , 2024-01-11 12:53:55.564081 , 0 , 0 , 167 , 28 , 0 , 0
568 , 2024-01-11 12:53:59.519131 , 0 , 0 , 167 , 28 , 0 , 0
569 , 2024-01-11 12:54:03.698951 , 0 , 0 , 167 , 28 , 0 , 0
570 , 2024-01-11 12:54:07.885751 , 0 , 0 , 167 , 28 , 0 , 0
571 , 2024-01-11 12:54:12.840066 , 2 , 1 , 169 , 29 , 3 , 0 , Unknown , Unknown , Unknown
572 , 2024-01-11 12:54:17.667787 , 1 , 0 , 170 , 29 , 1 , 0 , Unknown
573 , 2024-01-11 12:54:21.527015 , 0 , 0 , 170 , 29 , 0 , 0
574 , 2024-01-11 12:54:26.392969 , 2 , 0 , 172 , 29 , 2 , 0 , Unknown , Unknown
575 , 2024-01-11 12:54:30.867258 , 1 , 0 , 173 , 29 , 1 , 0 , Unknown
576 , 2024-01-11 12:54:35.114391 , 1 , 0 , 174 , 29 , 1 , 0 , Unknown
577 , 2024-01-11 12:54:39.427888 , 1 , 0 , 175 , 29 , 1 , 0 , Unknown
578 , 2024-01-11 12:54:43.335011 , 0 , 0 , 175 , 29 , 0 , 0
579 , 2024-01-11 12:54:47.246089 , 0 , 0 , 175 , 29 , 0 , 0
580 , 2024-01-11 12:54:51.139078 , 0 , 0 , 175 , 29 , 0 , 0
581 , 2024-01-11 12:54:55.099322 , 0 , 0 , 175 , 29 , 0 , 0
582 , 2024-01-11 12:54:58.887877 , 0 , 0 , 175 , 29 , 0 , 0
583 , 2024-01-11 12:55:02.630120 , 0 , 0 , 175 , 29 , 0 , 0
584 , 2024-01-11 12:55:06.285363 , 0 , 0 , 175 , 29 , 0 , 0
585 , 2024-01-11 12:55:10.082386 , 0 , 0 , 175 , 29 , 0 , 0
586 , 2024-01-11 12:55:14.274127 , 1 , 0 , 176 , 29 , 1 , 0 , Unknown
587 , 2024-01-11 12:55:19.212576 , 2 , 0 , 178 , 29 , 2 , 0 , Unknown , Unknown
588 , 2024-01-11 12:55:23.085637 , 0 , 0 , 178 , 29 , 0 , 0
589 , 2024-01-11 12:55:27.501255 , 0 , 0 , 178 , 29 , 0 , 0
590 , 2024-01-11 12:55:32.009239 , 0 , 0 , 178 , 29 , 0 , 0
591 , 2024-01-11 12:55:35.721764 , 0 , 0 , 178 , 29 , 0 , 0
592 , 2024-01-11 12:55:39.454673 , 0 , 0 , 178 , 29 , 0 , 0
593 , 2024-01-11 12:55:43.317623 , 0 , 0 , 178 , 29 , 0 , 0
594 , 2024-01-11 12:55:47.044561 , 0 , 0 , 178 , 29 , 0 , 0
595 , 2024-01-11 12:55:50.696555 , 0 , 0 , 178 , 29 , 0 , 0
596 , 2024-01-11 12:55:54.441601 , 0 , 0 , 178 , 29 , 0 , 0
597 , 2024-01-11 12:55:58.637893 , 0 , 1 , 178 , 30 , 1 , 0 , Unknown
598 , 2024-01-11 12:56:02.539144 , 0 , 0 , 178 , 30 , 0 , 0
599 , 2024-01-11 12:56:06.650738 , 0 , 0 , 178 , 30 , 0 , 0
600 , 2024-01-11 12:56:10.796178 , 0 , 0 , 178 , 30 , 0 , 0
601 , 2024-01-11 12:56:15.109422 , 0 , 0 , 178 , 30 , 0 , 0
602 , 2024-01-11 12:56:19.096692 , 0 , 0 , 178 , 30 , 0 , 0
603 , 2024-01-11 12:56:22.859294 , 0 , 0 , 178 , 30 , 0 , 0
604 , 2024-01-11 12:56:26.558738 , 0 , 0 , 178 , 30 , 0 , 0
605 , 2024-01-11 12:56:30.280952 , 0 , 0 , 178 , 30 , 0 , 0
606 , 2024-01-11 12:56:34.104074 , 0 , 0 , 178 , 30 , 0 , 0
607 , 2024-01-11 12:56:37.869081 , 0 , 0 , 178 , 30 , 0 , 0
608 , 2024-01-11 12:56:42.414992 , 0 , 0 , 178 , 30 , 0 , 0
609 , 2024-01-11 12:56:46.908139 , 0 , 0 , 178 , 30 , 0 , 0
610 , 2024-01-11 12:56:51.008754 , 0 , 0 , 178 , 30 , 0 , 0
611 , 2024-01-11 12:56:54.716823 , 0 , 0 , 178 , 30 , 0 , 0
612 , 2024-01-11 12:56:58.853042 , 1 , 0 , 179 , 30 , 1 , 0 , Unknown
613 , 2024-01-11 12:57:03.474544 , 0 , 0 , 179 , 30 , 0 , 0
614 , 2024-01-11 12:57:07.632330 , 0 , 0 , 179 , 30 , 0 , 0
615 , 2024-01-11 12:57:11.392946 , 0 , 0 , 179 , 30 , 0 , 0
616 , 2024-01-11 12:57:15.333330 , 0 , 0 , 179 , 30 , 0 , 0
617 , 2024-01-11 12:57:19.519323 , 0 , 0 , 179 , 30 , 0 , 0
618 , 2024-01-11 12:57:23.846540 , 1 , 0 , 180 , 30 , 1 , 0 , Male 30
619 , 2024-01-11 12:57:28.128646 , 1 , 0 , 181 , 30 , 0 , 1 , Unknown
620 , 2024-01-11 12:57:31.880799 , 0 , 0 , 181 , 30 , 0 , 0
621 , 2024-01-11 12:57:37.133921 , 1 , 2 , 182 , 32 , 3 , 0 , Unknown , Unknown , Unknown
622 , 2024-01-11 12:57:41.899405 , 2 , 0 , 184 , 32 , 2 , 0 , Unknown , Unknown
623 , 2024-01-11 12:57:45.692893 , 0 , 0 , 184 , 32 , 0 , 0
624 , 2024-01-11 12:57:49.449589 , 0 , 0 , 184 , 32 , 0 , 0
625 , 2024-01-11 12:57:53.439720 , 0 , 0 , 184 , 32 , 0 , 0
626 , 2024-01-11 12:57:59.069799 , 2 , 0 , 186 , 32 , 2 , 0 , Unknown , Unknown
627 , 2024-01-11 12:58:03.531260 , 0 , 0 , 186 , 32 , 0 , 0
628 , 2024-01-11 12:58:08.035049 , 0 , 1 , 186 , 33 , 1 , 0 , Unknown
629 , 2024-01-11 12:58:11.798387 , 0 , 0 , 186 , 33 , 0 , 0
630 , 2024-01-11 12:58:15.618420 , 0 , 0 , 186 , 33 , 0 , 0
631 , 2024-01-11 12:58:19.880562 , 2 , 0 , 188 , 33 , 2 , 0 , Unknown , Unknown
632 , 2024-01-11 12:58:26.189577 , 1 , 3 , 189 , 36 , 4 , 0 , Unknown , Unknown , Unknown , Unknown
633 , 2024-01-11 12:58:29.965584 , 0 , 0 , 189 , 36 , 0 , 0
634 , 2024-01-11 12:58:33.753084 , 0 , 0 , 189 , 36 , 0 , 0
635 , 2024-01-11 12:58:37.573016 , 0 , 0 , 189 , 36 , 0 , 0
636 , 2024-01-11 12:58:41.251413 , 0 , 0 , 189 , 36 , 0 , 0
637 , 2024-01-11 12:58:45.446621 , 0 , 1 , 189 , 37 , 1 , 0 , Unknown
638 , 2024-01-11 12:58:49.128473 , 0 , 0 , 189 , 37 , 0 , 0
639 , 2024-01-11 12:58:53.030097 , 0 , 0 , 189 , 37 , 0 , 0
640 , 2024-01-11 12:58:56.727683 , 0 , 0 , 189 , 37 , 0 , 0
641 , 2024-01-11 12:59:00.823184 , 0 , 0 , 189 , 37 , 0 , 0
642 , 2024-01-11 12:59:04.816713 , 0 , 0 , 189 , 37 , 0 , 0
643 , 2024-01-11 12:59:08.631621 , 0 , 0 , 189 , 37 , 0 , 0
644 , 2024-01-11 12:59:12.647679 , 0 , 0 , 189 , 37 , 0 , 0
645 , 2024-01-11 12:59:16.576668 , 0 , 0 , 189 , 37 , 0 , 0
646 , 2024-01-11 12:59:20.496473 , 0 , 0 , 189 , 37 , 0 , 0
647 , 2024-01-11 12:59:24.419231 , 0 , 0 , 189 , 37 , 0 , 0
648 , 2024-01-11 12:59:28.262792 , 0 , 0 , 189 , 37 , 0 , 0
649 , 2024-01-11 12:59:32.193963 , 0 , 0 , 189 , 37 , 0 , 0
650 , 2024-01-11 12:59:36.513720 , 0 , 0 , 189 , 37 , 0 , 0
651 , 2024-01-11 12:59:40.358309 , 0 , 0 , 189 , 37 , 0 , 0
652 , 2024-01-11 12:59:44.238915 , 0 , 0 , 189 , 37 , 0 , 0
653 , 2024-01-11 12:59:48.154506 , 0 , 0 , 189 , 37 , 0 , 0
654 , 2024-01-11 12:59:52.618090 , 1 , 0 , 190 , 37 , 1 , 0 , Unknown
655 , 2024-01-11 12:59:56.378560 , 0 , 0 , 190 , 37 , 0 , 0
656 , 2024-01-11 13:00:00.116862 , 0 , 0 , 190 , 37 , 0 , 0
657 , 2024-01-11 13:00:03.857779 , 0 , 0 , 190 , 37 , 0 , 0
658 , 2024-01-11 13:00:07.780255 , 0 , 0 , 190 , 37 , 0 , 0
659 , 2024-01-11 13:00:12.831291 , 2 , 0 , 192 , 37 , 2 , 0 , Unknown , Unknown
660 , 2024-01-11 13:00:17.514351 , 0 , 1 , 192 , 38 , 1 , 0 , Unknown
661 , 2024-01-11 13:00:22.722693 , 0 , 2 , 192 , 40 , 1 , 1 , Unknown , Male 28
662 , 2024-01-11 13:00:26.538867 , 0 , 0 , 192 , 40 , 0 , 0
663 , 2024-01-11 13:00:30.476890 , 0 , 0 , 192 , 40 , 0 , 0
664 , 2024-01-11 13:00:34.548680 , 0 , 0 , 192 , 40 , 0 , 0
665 , 2024-01-11 13:00:38.234689 , 0 , 0 , 192 , 40 , 0 , 0
666 , 2024-01-11 13:00:41.948041 , 0 , 0 , 192 , 40 , 0 , 0
667 , 2024-01-11 13:00:46.619979 , 2 , 0 , 194 , 40 , 1 , 1 , Unknown , Unknown
668 , 2024-01-11 13:00:50.261994 , 0 , 0 , 194 , 40 , 0 , 0
669 , 2024-01-11 13:00:53.923858 , 0 , 0 , 194 , 40 , 0 , 0
670 , 2024-01-11 13:00:57.611491 , 0 , 0 , 194 , 40 , 0 , 0
671 , 2024-01-11 13:01:01.455933 , 0 , 0 , 194 , 40 , 0 , 0
672 , 2024-01-11 13:01:05.268436 , 0 , 0 , 194 , 40 , 0 , 0
673 , 2024-01-11 13:01:08.995370 , 0 , 0 , 194 , 40 , 0 , 0
674 , 2024-01-11 13:01:12.832288 , 0 , 0 , 194 , 40 , 0 , 0
675 , 2024-01-11 13:01:17.617137 , 2 , 0 , 196 , 40 , 2 , 0 , Unknown , Unknown
676 , 2024-01-11 13:01:21.960424 , 1 , 0 , 197 , 40 , 1 , 0 , Unknown
677 , 2024-01-11 13:01:25.846223 , 0 , 0 , 197 , 40 , 0 , 0
678 , 2024-01-11 13:01:30.186689 , 1 , 0 , 198 , 40 , 1 , 0 , Unknown
679 , 2024-01-11 13:01:34.573594 , 1 , 0 , 199 , 40 , 1 , 0 , Unknown
680 , 2024-01-11 13:01:39.052873 , 1 , 0 , 200 , 40 , 1 , 0 , Unknown
681 , 2024-01-11 13:01:43.458624 , 1 , 0 , 201 , 40 , 1 , 0 , Unknown
682 , 2024-01-11 13:01:47.692484 , 0 , 0 , 201 , 40 , 0 , 0
683 , 2024-01-11 13:01:52.030095 , 0 , 0 , 201 , 40 , 0 , 0
684 , 2024-01-11 13:01:56.547858 , 0 , 0 , 201 , 40 , 0 , 0
685 , 2024-01-11 13:02:01.009361 , 0 , 0 , 201 , 40 , 0 , 0
686 , 2024-01-11 13:02:06.126815 , 1 , 0 , 202 , 40 , 1 , 0 , Unknown
687 , 2024-01-11 13:02:10.984756 , 1 , 0 , 203 , 40 , 1 , 0 , Unknown
688 , 2024-01-11 13:02:14.802490 , 0 , 0 , 203 , 40 , 0 , 0
689 , 2024-01-11 13:02:19.675245 , 2 , 0 , 205 , 40 , 2 , 0 , Unknown , Unknown
690 , 2024-01-11 13:02:24.422987 , 2 , 0 , 207 , 40 , 2 , 0 , Unknown , Unknown
691 , 2024-01-11 13:02:28.643377 , 0 , 1 , 207 , 41 , 1 , 0 , Unknown
692 , 2024-01-11 13:02:32.347982 , 0 , 0 , 207 , 41 , 0 , 0
693 , 2024-01-11 13:02:36.070224 , 0 , 0 , 207 , 41 , 0 , 0
694 , 2024-01-11 13:02:40.539655 , 0 , 1 , 207 , 42 , 1 , 0 , Unknown
695 , 2024-01-11 13:02:44.236400 , 0 , 0 , 207 , 42 , 0 , 0
696 , 2024-01-11 13:02:48.006956 , 0 , 0 , 207 , 42 , 0 , 0
697 , 2024-01-11 13:02:52.299471 , 0 , 1 , 207 , 43 , 1 , 0 , Unknown
698 , 2024-01-11 13:02:55.976463 , 0 , 0 , 207 , 43 , 0 , 0
699 , 2024-01-11 13:02:59.780397 , 0 , 0 , 207 , 43 , 0 , 0
700 , 2024-01-11 13:03:03.401369 , 0 , 0 , 207 , 43 , 0 , 0
701 , 2024-01-11 13:03:07.313839 , 0 , 0 , 207 , 43 , 0 , 0
702 , 2024-01-11 13:03:11.185241 , 0 , 0 , 207 , 43 , 0 , 0
703 , 2024-01-11 13:03:15.490201 , 0 , 0 , 207 , 43 , 0 , 0
704 , 2024-01-11 13:03:20.070583 , 1 , 0 , 208 , 43 , 1 , 0 , Unknown
705 , 2024-01-11 13:03:25.694851 , 3 , 0 , 211 , 43 , 2 , 1 , Unknown , Unknown , Unknown
706 , 2024-01-11 13:03:30.569012 , 2 , 0 , 213 , 43 , 2 , 0 , Unknown , Unknown
707 , 2024-01-11 13:03:35.434242 , 2 , 0 , 215 , 43 , 2 , 0 , Unknown , Unknown
708 , 2024-01-11 13:03:39.197918 , 0 , 0 , 215 , 43 , 0 , 0
709 , 2024-01-11 13:03:42.903718 , 0 , 0 , 215 , 43 , 0 , 0
710 , 2024-01-11 13:03:46.681558 , 0 , 0 , 215 , 43 , 0 , 0
711 , 2024-01-11 13:03:51.443422 , 2 , 0 , 217 , 43 , 1 , 1 , Unknown , Unknown
712 , 2024-01-11 13:03:55.766514 , 1 , 0 , 218 , 43 , 0 , 1 , Unknown
713 , 2024-01-11 13:04:00.728722 , 2 , 0 , 220 , 43 , 2 , 0 , Unknown , Unknown
714 , 2024-01-11 13:04:04.951615 , 0 , 0 , 220 , 43 , 0 , 0
715 , 2024-01-11 13:04:09.568514 , 0 , 1 , 220 , 44 , 1 , 0 , Unknown
716 , 2024-01-11 13:04:13.693087 , 0 , 0 , 220 , 44 , 0 , 0
717 , 2024-01-11 13:04:18.061313 , 1 , 0 , 221 , 44 , 1 , 0 , Unknown
718 , 2024-01-11 13:04:21.829892 , 0 , 0 , 221 , 44 , 0 , 0
719 , 2024-01-11 13:04:25.853623 , 0 , 0 , 221 , 44 , 0 , 0
720 , 2024-01-11 13:04:30.534322 , 2 , 0 , 223 , 44 , 2 , 0 , Unknown , Unknown
721 , 2024-01-11 13:04:34.285767 , 0 , 0 , 223 , 44 , 0 , 0
722 , 2024-01-11 13:04:38.039257 , 0 , 0 , 223 , 44 , 0 , 0
723 , 2024-01-11 13:04:41.907452 , 0 , 0 , 223 , 44 , 0 , 0
724 , 2024-01-11 13:04:46.763456 , 2 , 0 , 225 , 44 , 1 , 1 , Unknown , Unknown
725 , 2024-01-11 13:04:50.656432 , 0 , 0 , 225 , 44 , 0 , 0
726 , 2024-01-11 13:04:54.557024 , 0 , 0 , 225 , 44 , 0 , 0
727 , 2024-01-11 13:04:58.361601 , 0 , 0 , 225 , 44 , 0 , 0
728 , 2024-01-11 13:05:02.625612 , 0 , 0 , 225 , 44 , 0 , 0
729 , 2024-01-11 13:05:07.808589 , 1 , 0 , 226 , 44 , 1 , 0 , Unknown
730 , 2024-01-11 13:05:12.403198 , 0 , 0 , 226 , 44 , 0 , 0
731 , 2024-01-11 13:05:16.274250 , 0 , 0 , 226 , 44 , 0 , 0
732 , 2024-01-11 13:05:20.352164 , 0 , 0 , 226 , 44 , 0 , 0
733 , 2024-01-11 13:05:24.940478 , 0 , 0 , 226 , 44 , 0 , 0
734 , 2024-01-11 13:05:29.832703 , 1 , 0 , 227 , 44 , 1 , 0 , Unknown
735 , 2024-01-11 13:05:34.642637 , 1 , 0 , 228 , 44 , 1 , 0 , Unknown
736 , 2024-01-11 13:05:39.094939 , 0 , 1 , 228 , 45 , 1 , 0 , Unknown
737 , 2024-01-11 13:05:44.137511 , 0 , 2 , 228 , 47 , 2 , 0 , Unknown , Unknown
738 , 2024-01-11 13:05:47.961805 , 0 , 0 , 228 , 47 , 0 , 0
739 , 2024-01-11 13:05:51.816613 , 0 , 0 , 228 , 47 , 0 , 0
740 , 2024-01-11 13:05:56.135996 , 0 , 1 , 228 , 48 , 1 , 0 , Unknown
741 , 2024-01-11 13:06:00.698682 , 0 , 1 , 228 , 49 , 1 , 0 , Unknown
742 , 2024-01-11 13:06:04.878521 , 0 , 0 , 228 , 49 , 0 , 0
743 , 2024-01-11 13:06:09.800815 , 2 , 0 , 230 , 49 , 1 , 1 , Unknown , Unknown
744 , 2024-01-11 13:06:14.892763 , 2 , 0 , 232 , 49 , 2 , 0 , Unknown , Unknown
745 , 2024-01-11 13:06:19.596899 , 0 , 0 , 232 , 49 , 0 , 0
746 , 2024-01-11 13:06:24.943670 , 2 , 0 , 234 , 49 , 2 , 0 , Unknown , Unknown
747 , 2024-01-11 13:06:29.717401 , 1 , 0 , 235 , 49 , 1 , 0 , Unknown
748 , 2024-01-11 13:06:34.709260 , 1 , 0 , 236 , 49 , 1 , 0 , Unknown
749 , 2024-01-11 13:06:39.596050 , 0 , 0 , 236 , 49 , 0 , 0
750 , 2024-01-11 13:06:45.117501 , 1 , 0 , 237 , 49 , 1 , 0 , Unknown
751 , 2024-01-11 13:06:50.950675 , 2 , 0 , 239 , 49 , 2 , 0 , Unknown , Unknown
752 , 2024-01-11 13:06:56.683417 , 1 , 0 , 240 , 49 , 1 , 0 , Unknown
753 , 2024-01-11 13:07:01.432099 , 1 , 0 , 241 , 49 , 0 , 1 , Unknown
754 , 2024-01-11 13:07:05.788092 , 0 , 0 , 241 , 49 , 0 , 0
755 , 2024-01-11 13:07:10.257787 , 1 , 0 , 242 , 49 , 0 , 1 , Unknown
756 , 2024-01-11 13:07:14.055168 , 0 , 0 , 242 , 49 , 0 , 0
757 , 2024-01-11 13:07:17.978072 , 0 , 0 , 242 , 49 , 0 , 0
758 , 2024-01-11 13:07:22.602063 , 0 , 1 , 242 , 50 , 1 , 0 , Unknown
759 , 2024-01-11 13:07:26.912900 , 0 , 1 , 242 , 51 , 1 , 0 , Unknown
760 , 2024-01-11 13:07:30.592395 , 0 , 0 , 242 , 51 , 0 , 0
761 , 2024-01-11 13:07:34.278583 , 0 , 0 , 242 , 51 , 0 , 0
762 , 2024-01-11 13:07:38.489219 , 0 , 0 , 242 , 51 , 0 , 0
763 , 2024-01-11 13:07:42.346906 , 0 , 0 , 242 , 51 , 0 , 0
764 , 2024-01-11 13:07:46.188356 , 0 , 0 , 242 , 51 , 0 , 0
765 , 2024-01-11 13:07:50.381066 , 0 , 0 , 242 , 51 , 0 , 0
766 , 2024-01-11 13:07:54.311508 , 0 , 0 , 242 , 51 , 0 , 0
767 , 2024-01-11 13:07:58.213662 , 0 , 0 , 242 , 51 , 0 , 0
768 , 2024-01-11 13:08:02.124433 , 1 , 0 , 243 , 51 , 1 , 0 , Unknown
769 , 2024-01-11 13:08:07.544800 , 2 , 0 , 245 , 51 , 2 , 0 , Unknown , Unknown
770 , 2024-01-11 13:08:11.524724 , 0 , 0 , 245 , 51 , 0 , 0
771 , 2024-01-11 13:08:16.509706 , 2 , 0 , 247 , 51 , 1 , 1 , Unknown , Male 27
772 , 2024-01-11 13:08:20.470333 , 0 , 0 , 247 , 51 , 0 , 0
773 , 2024-01-11 13:08:24.283363 , 0 , 0 , 247 , 51 , 0 , 0
774 , 2024-01-11 13:08:28.046585 , 0 , 0 , 247 , 51 , 0 , 0
775 , 2024-01-11 13:08:32.107014 , 0 , 0 , 247 , 51 , 0 , 0
776 , 2024-01-11 13:08:35.895306 , 0 , 0 , 247 , 51 , 0 , 0
777 , 2024-01-11 13:08:39.579609 , 0 , 0 , 247 , 51 , 0 , 0
778 , 2024-01-11 13:08:43.318279 , 0 , 0 , 247 , 51 , 0 , 0
779 , 2024-01-11 13:08:47.047974 , 0 , 0 , 247 , 51 , 0 , 0
780 , 2024-01-11 13:08:50.698948 , 0 , 0 , 247 , 51 , 0 , 0
781 , 2024-01-11 13:08:54.415551 , 0 , 0 , 247 , 51 , 0 , 0
782 , 2024-01-11 13:08:58.198810 , 0 , 0 , 247 , 51 , 0 , 0
783 , 2024-01-11 13:09:01.833834 , 0 , 0 , 247 , 51 , 0 , 0
784 , 2024-01-11 13:09:05.571711 , 0 , 0 , 247 , 51 , 0 , 0
785 , 2024-01-11 13:09:09.852410 , 1 , 0 , 248 , 51 , 1 , 0 , Unknown
786 , 2024-01-11 13:09:13.647056 , 0 , 0 , 248 , 51 , 0 , 0
787 , 2024-01-11 13:09:19.160339 , 3 , 0 , 251 , 51 , 3 , 0 , Unknown , Unknown , Unknown
788 , 2024-01-11 13:09:23.208521 , 0 , 0 , 251 , 51 , 0 , 0
789 , 2024-01-11 13:09:26.958244 , 0 , 0 , 251 , 51 , 0 , 0
790 , 2024-01-11 13:09:30.670526 , 0 , 0 , 251 , 51 , 0 , 0
791 , 2024-01-11 13:09:34.388522 , 0 , 0 , 251 , 51 , 0 , 0
792 , 2024-01-11 13:09:38.091598 , 0 , 0 , 251 , 51 , 0 , 0
793 , 2024-01-11 13:09:41.758341 , 0 , 0 , 251 , 51 , 0 , 0
794 , 2024-01-11 13:09:45.446301 , 0 , 0 , 251 , 51 , 0 , 0
795 , 2024-01-11 13:09:49.334419 , 0 , 0 , 251 , 51 , 0 , 0
796 , 2024-01-11 13:09:53.445528 , 0 , 0 , 251 , 51 , 0 , 0
797 , 2024-01-11 13:09:57.538813 , 0 , 0 , 251 , 51 , 0 , 0
798 , 2024-01-11 13:10:01.682273 , 0 , 0 , 251 , 51 , 0 , 0
799 , 2024-01-11 13:10:05.409877 , 0 , 0 , 251 , 51 , 0 , 0
800 , 2024-01-11 13:10:09.118280 , 0 , 0 , 251 , 51 , 0 , 0
801 , 2024-01-11 13:10:12.838999 , 0 , 0 , 251 , 51 , 0 , 0
802 , 2024-01-11 13:10:17.610046 , 2 , 0 , 253 , 51 , 2 , 0 , Unknown , Unknown
803 , 2024-01-11 13:10:21.415730 , 0 , 0 , 253 , 51 , 0 , 0
804 , 2024-01-11 13:10:25.171390 , 1 , 0 , 254 , 51 , 1 , 0 , Unknown
805 , 2024-01-11 13:10:29.431235 , 0 , 0 , 254 , 51 , 0 , 0
806 , 2024-01-11 13:10:33.177419 , 0 , 0 , 254 , 51 , 0 , 0
807 , 2024-01-11 13:10:36.924670 , 0 , 0 , 254 , 51 , 0 , 0
808 , 2024-01-11 13:10:40.636067 , 0 , 0 , 254 , 51 , 0 , 0
809 , 2024-01-11 13:10:44.333660 , 0 , 0 , 254 , 51 , 0 , 0
810 , 2024-01-11 13:10:48.999763 , 2 , 0 , 256 , 51 , 1 , 1 , Unknown , Unknown
811 , 2024-01-11 13:10:53.232652 , 1 , 0 , 257 , 51 , 1 , 0 , Unknown
812 , 2024-01-11 13:10:56.917862 , 0 , 0 , 257 , 51 , 0 , 0
813 , 2024-01-11 13:11:00.571075 , 0 , 0 , 257 , 51 , 0 , 0
814 , 2024-01-11 13:11:04.197677 , 0 , 0 , 257 , 51 , 0 , 0
815 , 2024-01-11 13:11:07.817314 , 0 , 0 , 257 , 51 , 0 , 0
816 , 2024-01-11 13:11:11.450903 , 0 , 0 , 257 , 51 , 0 , 0
817 , 2024-01-11 13:11:15.099941 , 0 , 0 , 257 , 51 , 0 , 0
818 , 2024-01-11 13:11:18.790418 , 0 , 0 , 257 , 51 , 0 , 0
819 , 2024-01-11 13:11:22.509963 , 0 , 0 , 257 , 51 , 0 , 0
820 , 2024-01-11 13:11:27.734472 , 3 , 0 , 260 , 51 , 3 , 0 , Unknown , Unknown , Unknown
821 , 2024-01-11 13:11:31.985437 , 1 , 0 , 261 , 51 , 1 , 0 , Unknown
822 , 2024-01-11 13:11:36.233793 , 1 , 0 , 262 , 51 , 1 , 0 , Unknown
823 , 2024-01-11 13:11:40.986269 , 2 , 0 , 264 , 51 , 0 , 2 , Unknown , Unknown
824 , 2024-01-11 13:11:45.729245 , 2 , 0 , 266 , 51 , 2 , 0 , Unknown , Unknown
825 , 2024-01-11 13:11:49.530322 , 0 , 0 , 266 , 51 , 0 , 0
826 , 2024-01-11 13:11:53.224185 , 0 , 0 , 266 , 51 , 0 , 0
827 , 2024-01-11 13:11:56.889461 , 0 , 0 , 266 , 51 , 0 , 0
828 , 2024-01-11 13:12:00.557547 , 0 , 0 , 266 , 51 , 0 , 0
829 , 2024-01-11 13:12:04.256128 , 0 , 0 , 266 , 51 , 0 , 0
830 , 2024-01-11 13:12:07.913133 , 0 , 0 , 266 , 51 , 0 , 0
831 , 2024-01-11 13:12:11.626983 , 0 , 0 , 266 , 51 , 0 , 0
832 , 2024-01-11 13:12:15.374568 , 0 , 0 , 266 , 51 , 0 , 0
833 , 2024-01-11 13:12:19.621840 , 1 , 0 , 267 , 51 , 1 , 0 , Unknown
834 , 2024-01-11 13:12:23.915846 , 1 , 0 , 268 , 51 , 1 , 0 , Unknown
835 , 2024-01-11 13:12:29.660974 , 4 , 0 , 272 , 51 , 3 , 1 , Unknown , Unknown , Unknown , Unknown
836 , 2024-01-11 13:12:35.424935 , 4 , 0 , 276 , 51 , 3 , 1 , Unknown , Unknown , Unknown , Unknown
837 , 2024-01-11 13:12:39.114879 , 0 , 0 , 276 , 51 , 0 , 0
838 , 2024-01-11 13:12:42.771145 , 0 , 0 , 276 , 51 , 0 , 0
839 , 2024-01-11 13:12:46.413576 , 0 , 0 , 276 , 51 , 0 , 0
840 , 2024-01-11 13:12:50.045252 , 0 , 0 , 276 , 51 , 0 , 0
841 , 2024-01-11 13:12:53.703606 , 0 , 0 , 276 , 51 , 0 , 0
842 , 2024-01-11 13:12:57.386421 , 0 , 0 , 276 , 51 , 0 , 0
843 , 2024-01-11 13:13:01.063814 , 0 , 0 , 276 , 51 , 0 , 0
844 , 2024-01-11 13:13:04.754631 , 0 , 0 , 276 , 51 , 0 , 0
845 , 2024-01-11 13:13:09.449916 , 2 , 0 , 278 , 51 , 2 , 0 , Unknown , Male 33
846 , 2024-01-11 13:13:13.248098 , 0 , 0 , 278 , 51 , 0 , 0
847 , 2024-01-11 13:13:16.954797 , 0 , 0 , 278 , 51 , 0 , 0
848 , 2024-01-11 13:13:20.643799 , 0 , 0 , 278 , 51 , 0 , 0
849 , 2024-01-11 13:13:24.318695 , 0 , 0 , 278 , 51 , 0 , 0
850 , 2024-01-11 13:13:28.025109 , 0 , 0 , 278 , 51 , 0 , 0
851 , 2024-01-11 13:13:31.749291 , 0 , 0 , 278 , 51 , 0 , 0
852 , 2024-01-11 13:13:35.471600 , 0 , 0 , 278 , 51 , 0 , 0
853 , 2024-01-11 13:13:39.217232 , 0 , 0 , 278 , 51 , 0 , 0
854 , 2024-01-11 13:13:43.968856 , 2 , 0 , 280 , 51 , 2 , 0 , Unknown , Unknown
855 , 2024-01-11 13:13:47.694606 , 0 , 0 , 280 , 51 , 0 , 0
856 , 2024-01-11 13:13:51.476667 , 0 , 0 , 280 , 51 , 0 , 0
857 , 2024-01-11 13:13:55.234301 , 0 , 0 , 280 , 51 , 0 , 0
858 , 2024-01-11 13:13:59.083374 , 0 , 0 , 280 , 51 , 0 , 0
859 , 2024-01-11 13:14:03.859212 , 2 , 0 , 282 , 51 , 2 , 0 , Unknown , Unknown
860 , 2024-01-11 13:14:07.634212 , 0 , 0 , 282 , 51 , 0 , 0
861 , 2024-01-11 13:14:11.908688 , 1 , 0 , 283 , 51 , 1 , 0 , Unknown
862 , 2024-01-11 13:14:15.726750 , 0 , 0 , 283 , 51 , 0 , 0
863 , 2024-01-11 13:14:19.572406 , 0 , 0 , 283 , 51 , 0 , 0
864 , 2024-01-11 13:14:23.408166 , 0 , 0 , 283 , 51 , 0 , 0
865 , 2024-01-11 13:14:27.650678 , 1 , 0 , 284 , 51 , 1 , 0 , Unknown
866 , 2024-01-11 13:14:31.390866 , 0 , 0 , 284 , 51 , 0 , 0
867 , 2024-01-11 13:14:36.720947 , 3 , 0 , 287 , 51 , 3 , 0 , Unknown , Unknown , Unknown
868 , 2024-01-11 13:14:40.944398 , 1 , 0 , 288 , 51 , 1 , 0 , Male 37
869 , 2024-01-11 13:14:44.618480 , 0 , 0 , 288 , 51 , 0 , 0
870 , 2024-01-11 13:14:48.812228 , 1 , 0 , 289 , 51 , 1 , 0 , Unknown
871 , 2024-01-11 13:14:52.480276 , 1 , 0 , 290 , 51 , 1 , 0 , Unknown
872 , 2024-01-11 13:14:57.191575 , 1 , 0 , 291 , 51 , 1 , 0 , Unknown
873 , 2024-01-11 13:15:00.897753 , 0 , 0 , 291 , 51 , 0 , 0
874 , 2024-01-11 13:15:04.612350 , 0 , 0 , 291 , 51 , 0 , 0
875 , 2024-01-11 13:15:08.339162 , 0 , 0 , 291 , 51 , 0 , 0
876 , 2024-01-11 13:15:12.070122 , 0 , 0 , 291 , 51 , 0 , 0
877 , 2024-01-11 13:15:15.785552 , 0 , 0 , 291 , 51 , 0 , 0
878 , 2024-01-11 13:15:19.507535 , 0 , 0 , 291 , 51 , 0 , 0
879 , 2024-01-11 13:15:24.309849 , 2 , 0 , 293 , 51 , 2 , 0 , Unknown , Unknown
880 , 2024-01-11 13:15:28.202876 , 0 , 0 , 293 , 51 , 0 , 0
881 , 2024-01-11 13:15:32.585758 , 1 , 0 , 294 , 51 , 1 , 0 , Unknown
882 , 2024-01-11 13:15:37.967817 , 3 , 0 , 297 , 51 , 3 , 0 , Unknown , Unknown , Unknown
883 , 2024-01-11 13:15:43.831048 , 4 , 0 , 301 , 51 , 4 , 0 , Unknown , Unknown , Unknown , Unknown
884 , 2024-01-11 13:15:49.293650 , 2 , 1 , 303 , 52 , 3 , 0 , Unknown , Unknown , Unknown
885 , 2024-01-11 13:15:55.286370 , 3 , 1 , 306 , 53 , 4 , 0 , Unknown , Unknown , Unknown , Unknown
886 , 2024-01-11 13:15:59.661299 , 0 , 0 , 306 , 53 , 0 , 0
887 , 2024-01-11 13:16:04.027000 , 0 , 0 , 306 , 53 , 0 , 0
888 , 2024-01-11 13:16:08.397858 , 0 , 0 , 306 , 53 , 0 , 0
889 , 2024-01-11 13:16:12.965967 , 2 , 0 , 308 , 53 , 2 , 0 , Unknown , Unknown
890 , 2024-01-11 13:16:17.592477 , 0 , 0 , 308 , 53 , 0 , 0
891 , 2024-01-11 13:16:21.620614 , 0 , 0 , 308 , 53 , 0 , 0
892 , 2024-01-11 13:16:25.608672 , 0 , 0 , 308 , 53 , 0 , 0
893 , 2024-01-11 13:16:30.160206 , 1 , 0 , 309 , 53 , 1 , 0 , Unknown
894 , 2024-01-11 13:16:35.362558 , 1 , 0 , 310 , 53 , 1 , 0 , Unknown
895 , 2024-01-11 13:16:41.296072 , 0 , 0 , 310 , 53 , 0 , 0
896 , 2024-01-11 13:16:46.355505 , 0 , 0 , 310 , 53 , 0 , 0
897 , 2024-01-11 13:16:51.294909 , 0 , 0 , 310 , 53 , 0 , 0
898 , 2024-01-11 13:16:56.334537 , 0 , 0 , 310 , 53 , 0 , 0
899 , 2024-01-11 13:17:01.434491 , 0 , 0 , 310 , 53 , 0 , 0
900 , 2024-01-11 13:17:06.629643 , 0 , 0 , 310 , 53 , 0 , 0
901 , 2024-01-11 13:17:12.161255 , 1 , 0 , 311 , 53 , 0 , 1 , Unknown
902 , 2024-01-11 13:17:17.289521 , 0 , 0 , 311 , 53 , 0 , 0
903 , 2024-01-11 13:17:22.429012 , 0 , 0 , 311 , 53 , 0 , 0
904 , 2024-01-11 13:17:27.765007 , 0 , 0 , 311 , 53 , 0 , 0
905 , 2024-01-11 13:17:32.803466 , 0 , 0 , 311 , 53 , 0 , 0
906 , 2024-01-11 13:17:37.971947 , 0 , 0 , 311 , 53 , 0 , 0
907 , 2024-01-11 13:17:43.201181 , 0 , 0 , 311 , 53 , 0 , 0
908 , 2024-01-11 13:17:48.402805 , 0 , 0 , 311 , 53 , 0 , 0
909 , 2024-01-11 13:17:53.597753 , 0 , 0 , 311 , 53 , 0 , 0
910 , 2024-01-11 13:17:58.799097 , 0 , 0 , 311 , 53 , 0 , 0
911 , 2024-01-11 13:18:04.057394 , 0 , 0 , 311 , 53 , 0 , 0
912 , 2024-01-11 13:18:09.557544 , 0 , 0 , 311 , 53 , 0 , 0
913 , 2024-01-11 13:18:15.364308 , 1 , 0 , 312 , 53 , 1 , 0 , Unknown
914 , 2024-01-11 13:18:21.099608 , 1 , 0 , 313 , 53 , 1 , 0 , Unknown
915 , 2024-01-11 13:18:26.233702 , 0 , 0 , 313 , 53 , 0 , 0
916 , 2024-01-11 13:18:31.609841 , 0 , 0 , 313 , 53 , 0 , 0
917 , 2024-01-11 13:18:36.870745 , 0 , 0 , 313 , 53 , 0 , 0
918 , 2024-01-11 13:18:42.013976 , 0 , 0 , 313 , 53 , 0 , 0
919 , 2024-01-11 13:18:47.171680 , 0 , 0 , 313 , 53 , 0 , 0
920 , 2024-01-11 13:18:52.358190 , 0 , 0 , 313 , 53 , 0 , 0
921 , 2024-01-11 13:18:57.588276 , 0 , 0 , 313 , 53 , 0 , 0
922 , 2024-01-11 13:19:02.141467 , 0 , 0 , 313 , 53 , 0 , 0
923 , 2024-01-11 13:19:06.306167 , 0 , 0 , 313 , 53 , 0 , 0
924 , 2024-01-11 13:19:10.275083 , 0 , 0 , 313 , 53 , 0 , 0
925 , 2024-01-11 13:19:14.295246 , 0 , 0 , 313 , 53 , 0 , 0
926 , 2024-01-11 13:19:18.426753 , 0 , 0 , 313 , 53 , 0 , 0
927 , 2024-01-11 13:19:22.468026 , 0 , 0 , 313 , 53 , 0 , 0
928 , 2024-01-11 13:19:26.611646 , 0 , 0 , 313 , 53 , 0 , 0
929 , 2024-01-11 13:19:31.539887 , 0 , 0 , 313 , 53 , 0 , 0
930 , 2024-01-11 13:19:36.925391 , 0 , 0 , 313 , 53 , 0 , 0
931 , 2024-01-11 13:19:43.245642 , 2 , 0 , 315 , 53 , 2 , 0 , Unknown , Unknown
932 , 2024-01-11 13:19:48.445363 , 0 , 0 , 315 , 53 , 0 , 0
933 , 2024-01-11 13:19:53.693378 , 0 , 0 , 315 , 53 , 0 , 0
934 , 2024-01-11 13:19:58.992190 , 0 , 0 , 315 , 53 , 0 , 0
935 , 2024-01-11 13:20:04.409839 , 0 , 0 , 315 , 53 , 0 , 0
936 , 2024-01-11 13:20:09.549337 , 0 , 0 , 315 , 53 , 0 , 0
937 , 2024-01-11 13:20:14.702593 , 0 , 0 , 315 , 53 , 0 , 0
938 , 2024-01-11 13:20:19.794548 , 0 , 0 , 315 , 53 , 0 , 0
939 , 2024-01-11 13:20:25.565022 , 0 , 0 , 315 , 53 , 0 , 0
940 , 2024-01-11 13:20:32.759837 , 2 , 0 , 317 , 53 , 2 , 0 , Unknown , Unknown
941 , 2024-01-11 13:20:38.997861 , 0 , 0 , 317 , 53 , 0 , 0
942 , 2024-01-11 13:20:45.345519 , 0 , 0 , 317 , 53 , 0 , 0
943 , 2024-01-11 13:20:51.379686 , 0 , 0 , 317 , 53 , 0 , 0
944 , 2024-01-11 13:20:57.142547 , 0 , 0 , 317 , 53 , 0 , 0
945 , 2024-01-11 13:21:03.213312 , 0 , 0 , 317 , 53 , 0 , 0
946 , 2024-01-11 13:21:09.416805 , 0 , 0 , 317 , 53 , 0 , 0
947 , 2024-01-11 13:21:15.511812 , 0 , 0 , 317 , 53 , 0 , 0
948 , 2024-01-11 13:21:21.743995 , 0 , 0 , 317 , 53 , 0 , 0
949 , 2024-01-11 13:21:28.929572 , 1 , 1 , 318 , 54 , 2 , 0 , Unknown , Unknown
950 , 2024-01-11 13:21:35.293514 , 0 , 0 , 318 , 54 , 0 , 0
951 , 2024-01-11 13:21:41.293781 , 0 , 0 , 318 , 54 , 0 , 0
952 , 2024-01-11 13:21:47.695566 , 0 , 0 , 318 , 54 , 0 , 0
953 , 2024-01-11 13:21:53.924792 , 0 , 0 , 318 , 54 , 0 , 0
954 , 2024-01-11 13:22:00.284322 , 1 , 0 , 319 , 54 , 1 , 0 , Unknown
955 , 2024-01-11 13:22:08.012078 , 2 , 0 , 321 , 54 , 1 , 1 , Unknown , Unknown
956 , 2024-01-11 13:22:14.256673 , 0 , 0 , 321 , 54 , 0 , 0
957 , 2024-01-11 13:22:20.418966 , 0 , 0 , 321 , 54 , 0 , 0
958 , 2024-01-11 13:22:27.077483 , 0 , 0 , 321 , 54 , 0 , 0
959 , 2024-01-11 13:22:34.397549 , 0 , 1 , 321 , 55 , 1 , 0 , Unknown
960 , 2024-01-11 13:22:41.223908 , 0 , 0 , 321 , 55 , 0 , 0
961 , 2024-01-11 13:22:48.007243 , 0 , 0 , 321 , 55 , 0 , 0
962 , 2024-01-11 13:22:56.124451 , 2 , 1 , 323 , 56 , 3 , 0 , Unknown , Unknown , Unknown
963 , 2024-01-11 13:23:01.944203 , 0 , 0 , 323 , 56 , 0 , 0
964 , 2024-01-11 13:23:07.148022 , 0 , 0 , 323 , 56 , 0 , 0
965 , 2024-01-11 13:23:13.346957 , 2 , 0 , 325 , 56 , 2 , 0 , Unknown , Unknown
966 , 2024-01-11 13:23:19.130467 , 0 , 1 , 325 , 57 , 1 , 0 , Unknown
967 , 2024-01-11 13:23:24.454704 , 0 , 0 , 325 , 57 , 0 , 0
968 , 2024-01-11 13:23:30.695226 , 0 , 0 , 325 , 57 , 0 , 0
969 , 2024-01-11 13:23:37.483077 , 2 , 0 , 327 , 57 , 2 , 0 , Unknown , Unknown
970 , 2024-01-11 13:23:42.426072 , 0 , 0 , 327 , 57 , 0 , 0
971 , 2024-01-11 13:23:47.507176 , 0 , 0 , 327 , 57 , 0 , 0
972 , 2024-01-11 13:23:52.644371 , 0 , 0 , 327 , 57 , 0 , 0
973 , 2024-01-11 13:23:57.917839 , 0 , 0 , 327 , 57 , 0 , 0
974 , 2024-01-11 13:24:04.285275 , 2 , 0 , 329 , 57 , 2 , 0 , Unknown , Unknown
975 , 2024-01-11 13:24:09.779835 , 0 , 0 , 329 , 57 , 0 , 0
976 , 2024-01-11 13:24:15.630063 , 0 , 0 , 329 , 57 , 0 , 0
977 , 2024-01-11 13:24:21.550859 , 0 , 0 , 329 , 57 , 0 , 0
978 , 2024-01-11 13:24:27.367019 , 0 , 0 , 329 , 57 , 0 , 0
979 , 2024-01-11 13:24:33.020450 , 0 , 0 , 329 , 57 , 0 , 0
980 , 2024-01-11 13:24:37.889771 , 0 , 0 , 329 , 57 , 0 , 0
981 , 2024-01-11 13:24:42.773818 , 0 , 0 , 329 , 57 , 0 , 0
982 , 2024-01-11 13:24:47.346941 , 0 , 0 , 329 , 57 , 0 , 0
983 , 2024-01-11 13:24:51.717920 , 0 , 0 , 329 , 57 , 0 , 0
984 , 2024-01-11 13:24:56.130677 , 0 , 0 , 329 , 57 , 0 , 0
985 , 2024-01-11 13:25:00.933995 , 1 , 0 , 330 , 57 , 1 , 0 , Unknown
986 , 2024-01-11 13:25:05.728977 , 1 , 0 , 331 , 57 , 1 , 0 , Unknown
987 , 2024-01-11 13:25:10.421488 , 1 , 0 , 332 , 57 , 1 , 0 , Unknown
988 , 2024-01-11 13:25:15.247200 , 1 , 0 , 333 , 57 , 0 , 1 , Female 25
989 , 2024-01-11 13:25:19.500683 , 0 , 0 , 333 , 57 , 0 , 0
990 , 2024-01-11 13:25:24.737464 , 0 , 1 , 333 , 58 , 1 , 0 , Unknown
991 , 2024-01-11 13:25:29.389529 , 0 , 0 , 333 , 58 , 0 , 0
992 , 2024-01-11 13:25:34.037118 , 0 , 0 , 333 , 58 , 0 , 0
993 , 2024-01-11 13:25:39.277709 , 0 , 0 , 333 , 58 , 0 , 0
994 , 2024-01-11 13:25:45.162257 , 2 , 0 , 335 , 58 , 2 , 0 , Unknown , Unknown
995 , 2024-01-11 13:25:51.404941 , 2 , 0 , 337 , 58 , 2 , 0 , Unknown , Unknown
996 , 2024-01-11 13:25:55.619631 , 0 , 0 , 337 , 58 , 0 , 0
997 , 2024-01-11 13:26:00.191548 , 0 , 0 , 337 , 58 , 0 , 0
998 , 2024-01-11 13:26:05.564490 , 0 , 0 , 337 , 58 , 0 , 0
999 , 2024-01-11 13:26:11.374957 , 1 , 0 , 338 , 58 , 1 , 0 , Unknown
1000 , 2024-01-11 13:26:18.605665 , 1 , 0 , 339 , 58 , 1 , 0 , Female 25
1001 , 2024-01-11 13:26:24.617473 , 3 , 0 , 342 , 58 , 2 , 1 , Unknown , Unknown , Unknown
1002 , 2024-01-11 13:26:29.730857 , 1 , 0 , 343 , 58 , 1 , 0 , Unknown
1003 , 2024-01-11 13:26:34.606306 , 1 , 0 , 344 , 58 , 0 , 1 , Unknown
1004 , 2024-01-11 13:26:39.075345 , 0 , 0 , 344 , 58 , 0 , 0
1005 , 2024-01-11 13:26:43.496508 , 0 , 0 , 344 , 58 , 0 , 0
1006 , 2024-01-11 13:26:48.353785 , 1 , 0 , 345 , 58 , 1 , 0 , Unknown
1007 , 2024-01-11 13:26:53.413128 , 1 , 0 , 346 , 58 , 1 , 0 , Unknown
1008 , 2024-01-11 13:26:59.273434 , 1 , 0 , 347 , 58 , 1 , 0 , Unknown
1009 , 2024-01-11 13:27:04.562049 , 1 , 0 , 348 , 58 , 1 , 0 , Unknown
1010 , 2024-01-11 13:27:09.293232 , 0 , 0 , 348 , 58 , 0 , 0
1011 , 2024-01-11 13:27:13.613697 , 0 , 0 , 348 , 58 , 0 , 0
1012 , 2024-01-11 13:27:18.299833 , 0 , 0 , 348 , 58 , 0 , 0
1013 , 2024-01-11 13:27:22.790279 , 0 , 0 , 348 , 58 , 0 , 0
1014 , 2024-01-11 13:27:27.864138 , 1 , 0 , 349 , 58 , 1 , 0 , Unknown
1015 , 2024-01-11 13:27:33.182191 , 1 , 0 , 350 , 58 , 1 , 0 , Unknown
1016 , 2024-01-11 13:27:37.629430 , 0 , 0 , 350 , 58 , 0 , 0
1017 , 2024-01-11 13:27:42.256279 , 0 , 0 , 350 , 58 , 0 , 0
1018 , 2024-01-11 13:27:46.683796 , 0 , 0 , 350 , 58 , 0 , 0
1019 , 2024-01-11 13:27:50.970615 , 0 , 0 , 350 , 58 , 0 , 0
1020 , 2024-01-11 13:27:56.694121 , 2 , 0 , 352 , 58 , 2 , 0 , Unknown , Unknown
1021 , 2024-01-11 13:28:01.757113 , 1 , 0 , 353 , 58 , 1 , 0 , Unknown
1022 , 2024-01-11 13:28:06.306195 , 0 , 0 , 353 , 58 , 0 , 0
1023 , 2024-01-11 13:28:10.746705 , 0 , 0 , 353 , 58 , 0 , 0
1024 , 2024-01-11 13:28:17.664627 , 5 , 0 , 358 , 58 , 5 , 0 , Unknown , Unknown , Unknown , Unknown , Unknown
1025 , 2024-01-11 13:28:23.126754 , 1 , 0 , 359 , 58 , 1 , 0 , Unknown
1026 , 2024-01-11 13:28:28.233773 , 0 , 0 , 359 , 58 , 0 , 0
1027 , 2024-01-11 13:28:32.778778 , 0 , 0 , 359 , 58 , 0 , 0
1028 , 2024-01-11 13:28:37.348682 , 0 , 0 , 359 , 58 , 0 , 0
1029 , 2024-01-11 13:28:42.099256 , 0 , 0 , 359 , 58 , 0 , 0
1030 , 2024-01-11 13:28:47.342872 , 0 , 1 , 359 , 59 , 1 , 0 , Unknown
1031 , 2024-01-11 13:28:53.617291 , 2 , 0 , 361 , 59 , 2 , 0 , Unknown , Unknown
1032 , 2024-01-11 13:28:59.316932 , 2 , 0 , 363 , 59 , 2 , 0 , Female 25 , Unknown
1033 , 2024-01-11 13:29:04.976876 , 2 , 0 , 365 , 59 , 2 , 0 , Unknown , Unknown
1034 , 2024-01-11 13:29:10.276135 , 1 , 0 , 366 , 59 , 0 , 1 , Unknown
1035 , 2024-01-11 13:29:16.212600 , 2 , 0 , 368 , 59 , 2 , 0 , Unknown , Unknown
1036 , 2024-01-11 13:29:24.177778 , 5 , 0 , 373 , 59 , 5 , 0 , Unknown , Unknown , Unknown , Unknown , Unknown
1037 , 2024-01-11 13:29:30.504762 , 3 , 0 , 376 , 59 , 3 , 0 , Unknown , Unknown , Unknown
1038 , 2024-01-11 13:29:36.205266 , 2 , 0 , 378 , 59 , 2 , 0 , Unknown , Unknown
1039 , 2024-01-11 13:29:40.582887 , 0 , 0 , 378 , 59 , 0 , 0
1040 , 2024-01-11 13:29:46.474361 , 2 , 0 , 380 , 59 , 2 , 0 , Unknown , Unknown
1041 , 2024-01-11 13:29:50.939031 , 0 , 0 , 380 , 59 , 0 , 0
1042 , 2024-01-11 13:29:55.936240 , 0 , 0 , 380 , 59 , 0 , 0
1043 , 2024-01-11 13:30:00.968526 , 0 , 0 , 380 , 59 , 0 , 0
1044 , 2024-01-11 13:30:07.684348 , 3 , 1 , 383 , 60 , 4 , 0 , Unknown , Unknown , Unknown , Unknown
1045 , 2024-01-11 13:30:12.670979 , 1 , 0 , 384 , 60 , 1 , 0 , Unknown
1046 , 2024-01-11 13:30:17.028280 , 0 , 0 , 384 , 60 , 0 , 0
1047 , 2024-01-11 13:30:21.435068 , 0 , 0 , 384 , 60 , 0 , 0
1048 , 2024-01-11 13:30:26.118505 , 0 , 0 , 384 , 60 , 0 , 0
1049 , 2024-01-11 13:30:30.485815 , 0 , 0 , 384 , 60 , 0 , 0
1050 , 2024-01-11 13:30:35.387187 , 0 , 1 , 384 , 61 , 1 , 0 , Unknown
1051 , 2024-01-11 13:30:39.862336 , 0 , 0 , 384 , 61 , 0 , 0
1052 , 2024-01-11 13:30:44.298525 , 0 , 0 , 384 , 61 , 0 , 0
1053 , 2024-01-11 13:30:48.649091 , 1 , 0 , 385 , 61 , 1 , 0 , Unknown
1054 , 2024-01-11 13:30:55.274715 , 3 , 0 , 388 , 61 , 2 , 1 , Unknown , Unknown , Unknown
1055 , 2024-01-11 13:31:00.365487 , 1 , 0 , 389 , 61 , 1 , 0 , Unknown
1056 , 2024-01-11 13:31:04.903546 , 0 , 0 , 389 , 61 , 0 , 0
1057 , 2024-01-11 13:31:09.341550 , 0 , 0 , 389 , 61 , 0 , 0
1058 , 2024-01-11 13:31:13.777099 , 0 , 0 , 389 , 61 , 0 , 0
1059 , 2024-01-11 13:31:18.298090 , 0 , 0 , 389 , 61 , 0 , 0
1060 , 2024-01-11 13:31:23.407890 , 1 , 0 , 390 , 61 , 1 , 0 , Unknown
1061 , 2024-01-11 13:31:27.913470 , 0 , 0 , 390 , 61 , 0 , 0
1062 , 2024-01-11 13:31:33.477789 , 3 , 0 , 393 , 61 , 2 , 1 , Unknown , Unknown , Unknown
1063 , 2024-01-11 13:31:38.844321 , 1 , 0 , 394 , 61 , 1 , 0 , Unknown
1064 , 2024-01-11 13:31:43.174334 , 0 , 0 , 394 , 61 , 0 , 0
1065 , 2024-01-11 13:31:48.629940 , 2 , 0 , 396 , 61 , 2 , 0 , Unknown , Unknown
1066 , 2024-01-11 13:31:53.668486 , 1 , 0 , 397 , 61 , 1 , 0 , Unknown
1067 , 2024-01-11 13:31:58.099306 , 0 , 0 , 397 , 61 , 0 , 0
1068 , 2024-01-11 13:32:02.398337 , 0 , 0 , 397 , 61 , 0 , 0
1069 , 2024-01-11 13:32:06.675955 , 0 , 0 , 397 , 61 , 0 , 0
1070 , 2024-01-11 13:32:10.888040 , 0 , 0 , 397 , 61 , 0 , 0
1071 , 2024-01-11 13:32:15.145595 , 0 , 0 , 397 , 61 , 0 , 0
1072 , 2024-01-11 13:32:19.314309 , 0 , 0 , 397 , 61 , 0 , 0
1073 , 2024-01-11 13:32:23.684942 , 0 , 0 , 397 , 61 , 0 , 0
1074 , 2024-01-11 13:32:28.132374 , 0 , 0 , 397 , 61 , 0 , 0
1075 , 2024-01-11 13:32:32.882369 , 1 , 0 , 398 , 61 , 0 , 1 , Unknown
1076 , 2024-01-11 13:32:37.647198 , 1 , 0 , 399 , 61 , 1 , 0 , Unknown
1077 , 2024-01-11 13:32:42.037382 , 0 , 0 , 399 , 61 , 0 , 0
1078 , 2024-01-11 13:32:46.392206 , 0 , 0 , 399 , 61 , 0 , 0
1079 , 2024-01-11 13:32:50.666775 , 0 , 0 , 399 , 61 , 0 , 0
1080 , 2024-01-11 13:32:55.189431 , 0 , 0 , 399 , 61 , 0 , 0
1081 , 2024-01-11 13:33:00.585989 , 2 , 0 , 401 , 61 , 2 , 0 , Unknown , Unknown
1082 , 2024-01-11 13:33:06.968753 , 4 , 0 , 405 , 61 , 4 , 0 , Unknown , Unknown , Unknown , Unknown
1083 , 2024-01-11 13:33:11.412986 , 0 , 0 , 405 , 61 , 0 , 0
1084 , 2024-01-11 13:33:15.755882 , 0 , 0 , 405 , 61 , 0 , 0
1085 , 2024-01-11 13:33:20.078376 , 0 , 0 , 405 , 61 , 0 , 0
1086 , 2024-01-11 13:33:25.804682 , 2 , 0 , 407 , 61 , 2 , 0 , Unknown , Unknown
1087 , 2024-01-11 13:33:31.756491 , 3 , 0 , 410 , 61 , 3 , 0 , Unknown , Unknown , Unknown
1088 , 2024-01-11 13:33:36.702560 , 1 , 0 , 411 , 61 , 1 , 0 , Unknown
1089 , 2024-01-11 13:33:41.061606 , 0 , 0 , 411 , 61 , 0 , 0
1090 , 2024-01-11 13:33:45.828534 , 1 , 0 , 412 , 61 , 1 , 0 , Unknown
1091 , 2024-01-11 13:33:50.316625 , 0 , 0 , 412 , 61 , 0 , 0
1092 , 2024-01-11 13:33:54.967861 , 0 , 0 , 412 , 61 , 0 , 0
1093 , 2024-01-11 13:34:00.032330 , 1 , 0 , 413 , 61 , 1 , 0 , Unknown
1094 , 2024-01-11 13:34:04.479653 , 0 , 0 , 413 , 61 , 0 , 0
1095 , 2024-01-11 13:34:08.714415 , 0 , 0 , 413 , 61 , 0 , 0
1096 , 2024-01-11 13:34:12.951698 , 0 , 0 , 413 , 61 , 0 , 0
1097 , 2024-01-11 13:34:17.127687 , 0 , 0 , 413 , 61 , 0 , 0
1098 , 2024-01-11 13:34:21.330294 , 0 , 0 , 413 , 61 , 0 , 0
1099 , 2024-01-11 13:34:25.769929 , 0 , 0 , 413 , 61 , 0 , 0
1100 , 2024-01-11 13:34:30.064192 , 0 , 0 , 413 , 61 , 0 , 0
1101 , 2024-01-11 13:34:34.274546 , 0 , 0 , 413 , 61 , 0 , 0
1102 , 2024-01-11 13:34:38.533144 , 0 , 0 , 413 , 61 , 0 , 0
1103 , 2024-01-11 13:34:42.833263 , 0 , 0 , 413 , 61 , 0 , 0
1104 , 2024-01-11 13:34:47.296303 , 0 , 0 , 413 , 61 , 0 , 0
1105 , 2024-01-11 13:34:51.732193 , 0 , 0 , 413 , 61 , 0 , 0
1106 , 2024-01-11 13:34:56.810797 , 0 , 0 , 413 , 61 , 0 , 0
1107 , 2024-01-11 13:35:02.013715 , 0 , 0 , 413 , 61 , 0 , 0
1108 , 2024-01-11 13:35:08.006429 , 0 , 0 , 413 , 61 , 0 , 0
1109 , 2024-01-11 13:35:12.868716 , 1 , 0 , 414 , 61 , 1 , 0 , Unknown
1110 , 2024-01-11 13:35:17.144931 , 0 , 0 , 414 , 61 , 0 , 0
1111 , 2024-01-11 13:35:21.437262 , 0 , 0 , 414 , 61 , 0 , 0
1112 , 2024-01-11 13:35:27.178708 , 0 , 0 , 414 , 61 , 0 , 0
1113 , 2024-01-11 13:35:32.263943 , 0 , 0 , 414 , 61 , 0 , 0
1114 , 2024-01-11 13:35:36.828509 , 0 , 0 , 414 , 61 , 0 , 0
1115 , 2024-01-11 13:35:41.613635 , 0 , 0 , 414 , 61 , 0 , 0
1116 , 2024-01-11 13:35:45.878919 , 0 , 0 , 414 , 61 , 0 , 0
1117 , 2024-01-11 13:35:50.258871 , 0 , 0 , 414 , 61 , 0 , 0
1118 , 2024-01-11 13:35:55.266296 , 0 , 0 , 414 , 61 , 0 , 0
1119 , 2024-01-11 13:35:59.938121 , 0 , 0 , 414 , 61 , 0 , 0
1120 , 2024-01-11 13:36:05.791541 , 2 , 0 , 416 , 61 , 2 , 0 , Unknown , Unknown
1121 , 2024-01-11 13:36:11.156412 , 0 , 1 , 416 , 62 , 1 , 0 , Unknown
1122 , 2024-01-11 13:36:15.929374 , 0 , 0 , 416 , 62 , 0 , 0
1123 , 2024-01-11 13:36:21.365655 , 1 , 0 , 417 , 62 , 1 , 0 , Unknown
1124 , 2024-01-11 13:36:27.085490 , 1 , 0 , 418 , 62 , 1 , 0 , Unknown
1125 , 2024-01-11 13:36:31.740415 , 0 , 0 , 418 , 62 , 0 , 0
1126 , 2024-01-11 13:36:36.230062 , 0 , 0 , 418 , 62 , 0 , 0
1127 , 2024-01-11 13:36:41.937687 , 2 , 0 , 420 , 62 , 1 , 1 , Unknown , Unknown
1128 , 2024-01-11 13:36:46.248364 , 1 , 0 , 421 , 62 , 1 , 0 , Unknown
1129 , 2024-01-11 13:36:51.316854 , 0 , 0 , 421 , 62 , 0 , 0
1130 , 2024-01-11 13:36:56.485117 , 0 , 0 , 421 , 62 , 0 , 0
1131 , 2024-01-11 13:37:02.155323 , 2 , 0 , 423 , 62 , 2 , 0 , Unknown , Unknown
1132 , 2024-01-11 13:37:07.184375 , 1 , 0 , 424 , 62 , 1 , 0 , Unknown
1133 , 2024-01-11 13:37:11.865112 , 0 , 0 , 424 , 62 , 0 , 0
1134 , 2024-01-11 13:37:16.326500 , 0 , 0 , 424 , 62 , 0 , 0
1135 , 2024-01-11 13:37:21.210655 , 0 , 0 , 424 , 62 , 0 , 0
1136 , 2024-01-11 13:37:26.593159 , 0 , 0 , 424 , 62 , 0 , 0
1137 , 2024-01-11 13:37:32.989016 , 4 , 0 , 428 , 62 , 4 , 0 , Unknown , Unknown , Unknown , Unknown
1138 , 2024-01-11 13:37:38.744248 , 2 , 0 , 430 , 62 , 2 , 0 , Unknown , Unknown
1139 , 2024-01-11 13:37:43.532804 , 0 , 0 , 430 , 62 , 0 , 0
1140 , 2024-01-11 13:37:47.814551 , 0 , 0 , 430 , 62 , 0 , 0
1141 , 2024-01-11 13:37:52.109853 , 0 , 0 , 430 , 62 , 0 , 0
1142 , 2024-01-11 13:37:57.372755 , 0 , 0 , 430 , 62 , 0 , 0
1143 , 2024-01-11 13:38:01.745283 , 0 , 0 , 430 , 62 , 0 , 0
1144 , 2024-01-11 13:38:06.533443 , 0 , 0 , 430 , 62 , 0 , 0
1145 , 2024-01-11 13:38:11.170481 , 0 , 0 , 430 , 62 , 0 , 0
1146 , 2024-01-11 13:38:16.025878 , 0 , 0 , 430 , 62 , 0 , 0
1147 , 2024-01-11 13:38:21.248339 , 0 , 0 , 430 , 62 , 0 , 0
1148 , 2024-01-11 13:38:26.915456 , 0 , 0 , 430 , 62 , 0 , 0
1149 , 2024-01-11 13:38:31.913935 , 2 , 0 , 432 , 62 , 2 , 0 , Unknown , Unknown
1150 , 2024-01-11 13:38:37.303519 , 1 , 0 , 433 , 62 , 1 , 0 , Unknown
1151 , 2024-01-11 13:38:41.316556 , 0 , 0 , 433 , 62 , 0 , 0
1152 , 2024-01-11 13:38:45.651513 , 0 , 0 , 433 , 62 , 0 , 0
1153 , 2024-01-11 13:38:50.545288 , 1 , 0 , 434 , 62 , 1 , 0 , Unknown
1154 , 2024-01-11 13:38:55.717574 , 2 , 0 , 436 , 62 , 1 , 1 , Unknown , Unknown
1155 , 2024-01-11 13:38:59.744174 , 0 , 0 , 436 , 62 , 0 , 0
1156 , 2024-01-11 13:39:05.229867 , 3 , 0 , 439 , 62 , 3 , 0 , Unknown , Unknown , Unknown
1157 , 2024-01-11 13:39:09.744147 , 1 , 0 , 440 , 62 , 1 , 0 , Unknown
1158 , 2024-01-11 13:39:13.674652 , 0 , 0 , 440 , 62 , 0 , 0
1159 , 2024-01-11 13:39:17.498069 , 0 , 0 , 440 , 62 , 0 , 0
1160 , 2024-01-11 13:39:21.407447 , 0 , 0 , 440 , 62 , 0 , 0
1161 , 2024-01-11 13:39:25.996679 , 0 , 0 , 440 , 62 , 0 , 0
1162 , 2024-01-11 13:39:31.558283 , 2 , 0 , 442 , 62 , 2 , 0 , Unknown , Unknown
1163 , 2024-01-11 13:39:36.303340 , 0 , 0 , 442 , 62 , 0 , 0
1164 , 2024-01-11 13:39:41.370987 , 1 , 0 , 443 , 62 , 1 , 0 , Unknown
1165 , 2024-01-11 13:39:45.503003 , 0 , 0 , 443 , 62 , 0 , 0
1166 , 2024-01-11 13:39:49.858745 , 0 , 0 , 443 , 62 , 0 , 0
1167 , 2024-01-11 13:39:53.882791 , 0 , 0 , 443 , 62 , 0 , 0
1168 , 2024-01-11 13:39:57.878497 , 0 , 0 , 443 , 62 , 0 , 0
1169 , 2024-01-11 13:40:01.832381 , 0 , 0 , 443 , 62 , 0 , 0
1170 , 2024-01-11 13:40:07.091943 , 0 , 0 , 443 , 62 , 0 , 0
1171 , 2024-01-11 13:40:12.038263 , 0 , 0 , 443 , 62 , 0 , 0
1172 , 2024-01-11 13:40:16.946229 , 0 , 0 , 443 , 62 , 0 , 0
1173 , 2024-01-11 13:40:22.229484 , 0 , 0 , 443 , 62 , 0 , 0
1174 , 2024-01-11 13:40:27.862340 , 1 , 0 , 444 , 62 , 1 , 0 , Male 25
1175 , 2024-01-11 13:40:33.618221 , 0 , 0 , 444 , 62 , 0 , 0
1176 , 2024-01-11 13:40:38.745118 , 0 , 0 , 444 , 62 , 0 , 0
1177 , 2024-01-11 13:40:44.005466 , 0 , 0 , 444 , 62 , 0 , 0
1178 , 2024-01-11 13:40:50.060738 , 0 , 2 , 444 , 64 , 2 , 0 , Unknown , Male 47
1179 , 2024-01-11 13:40:56.223596 , 0 , 0 , 444 , 64 , 0 , 0
1180 , 2024-01-11 13:41:02.207508 , 0 , 0 , 444 , 64 , 0 , 0
1181 , 2024-01-11 13:41:08.237332 , 0 , 0 , 444 , 64 , 0 , 0
1182 , 2024-01-11 13:41:13.269555 , 0 , 0 , 444 , 64 , 0 , 0
1183 , 2024-01-11 13:41:18.415509 , 0 , 0 , 444 , 64 , 0 , 0
1184 , 2024-01-11 13:41:23.699714 , 0 , 0 , 444 , 64 , 0 , 0
1185 , 2024-01-11 13:41:29.660618 , 3 , 0 , 447 , 64 , 3 , 0 , Unknown , Unknown , Unknown
1186 , 2024-01-11 13:41:35.604606 , 2 , 0 , 449 , 64 , 1 , 1 , Unknown , Unknown
1187 , 2024-01-11 13:41:40.600389 , 1 , 0 , 450 , 64 , 0 , 1 , Unknown
1188 , 2024-01-11 13:41:45.914001 , 2 , 0 , 452 , 64 , 2 , 0 , Unknown , Unknown
1189 , 2024-01-11 13:41:51.985120 , 2 , 0 , 454 , 64 , 1 , 1 , Unknown , Unknown
1190 , 2024-01-11 13:41:58.710072 , 4 , 0 , 458 , 64 , 4 , 0 , Unknown , Unknown , Unknown , Unknown
1191 , 2024-01-11 13:42:04.332929 , 1 , 0 , 459 , 64 , 0 , 1 , Unknown
1192 , 2024-01-11 13:42:10.014983 , 0 , 0 , 459 , 64 , 0 , 0
1193 , 2024-01-11 13:42:15.397870 , 0 , 0 , 459 , 64 , 0 , 0
1194 , 2024-01-11 13:42:20.343741 , 1 , 0 , 460 , 64 , 1 , 0 , Unknown
1195 , 2024-01-11 13:42:26.731318 , 2 , 1 , 462 , 65 , 1 , 2 , Unknown , Unknown , Male 26
1196 , 2024-01-11 13:42:31.491015 , 0 , 0 , 462 , 65 , 0 , 0
1197 , 2024-01-11 13:42:37.519951 , 0 , 0 , 462 , 65 , 0 , 0
1198 , 2024-01-11 13:42:43.851082 , 0 , 0 , 462 , 65 , 0 , 0
1199 , 2024-01-11 13:42:49.055482 , 0 , 2 , 462 , 67 , 2 , 0 , Unknown , Unknown
1200 , 2024-01-11 13:42:53.108306 , 0 , 0 , 462 , 67 , 0 , 0
1201 , 2024-01-11 13:42:57.193451 , 0 , 0 , 462 , 67 , 0 , 0
1202 , 2024-01-11 13:43:02.089249 , 0 , 0 , 462 , 67 , 0 , 0
1203 , 2024-01-11 13:43:07.050242 , 0 , 0 , 462 , 67 , 0 , 0
1204 , 2024-01-11 13:43:12.984397 , 0 , 2 , 462 , 69 , 2 , 0 , Unknown , Unknown
1205 , 2024-01-11 13:43:17.868868 , 1 , 0 , 463 , 69 , 0 , 1 , Unknown
1206 , 2024-01-11 13:43:22.926173 , 1 , 0 , 464 , 69 , 1 , 0 , Unknown
1207 , 2024-01-11 13:43:27.677888 , 0 , 0 , 464 , 69 , 0 , 0
1208 , 2024-01-11 13:43:32.558486 , 0 , 0 , 464 , 69 , 0 , 0
1209 , 2024-01-11 13:43:38.684247 , 3 , 0 , 467 , 69 , 3 , 0 , Unknown , Unknown , Unknown
1210 , 2024-01-11 13:43:43.699487 , 1 , 0 , 468 , 69 , 1 , 0 , Unknown
1211 , 2024-01-11 13:43:47.940830 , 0 , 0 , 468 , 69 , 0 , 0
1212 , 2024-01-11 13:43:53.369831 , 2 , 0 , 470 , 69 , 2 , 0 , Unknown , Unknown
1213 , 2024-01-11 13:43:59.274920 , 3 , 0 , 473 , 69 , 3 , 0 , Unknown , Unknown , Unknown
1214 , 2024-01-11 13:44:03.571802 , 0 , 0 , 473 , 69 , 0 , 0
1215 , 2024-01-11 13:44:07.868360 , 0 , 0 , 473 , 69 , 0 , 0
1216 , 2024-01-11 13:44:12.611228 , 1 , 0 , 474 , 69 , 1 , 0 , Unknown
1217 , 2024-01-11 13:44:18.122762 , 2 , 0 , 476 , 69 , 1 , 1 , Unknown , Unknown
1218 , 2024-01-11 13:44:23.005731 , 0 , 0 , 476 , 69 , 0 , 0
1219 , 2024-01-11 13:44:29.211535 , 3 , 0 , 479 , 69 , 3 , 0 , Unknown , Unknown , Female 32
1220 , 2024-01-11 13:44:34.238407 , 1 , 0 , 480 , 69 , 1 , 0 , Unknown
1221 , 2024-01-11 13:44:39.309115 , 1 , 1 , 481 , 70 , 2 , 0 , Male 29 , Unknown
1222 , 2024-01-11 13:44:45.152407 , 2 , 0 , 483 , 70 , 2 , 0 , Unknown , Unknown
1223 , 2024-01-11 13:44:50.261160 , 1 , 0 , 484 , 70 , 1 , 0 , Unknown
1224 , 2024-01-11 13:44:55.986933 , 0 , 0 , 484 , 70 , 0 , 0
1225 , 2024-01-11 13:45:00.529249 , 0 , 0 , 484 , 70 , 0 , 0
1226 , 2024-01-11 13:45:05.744414 , 2 , 0 , 486 , 70 , 2 , 0 , Unknown , Unknown
1227 , 2024-01-11 13:45:10.451170 , 1 , 0 , 487 , 70 , 1 , 0 , Unknown
1228 , 2024-01-11 13:45:15.132948 , 0 , 1 , 487 , 71 , 1 , 0 , Unknown
1229 , 2024-01-11 13:45:20.966808 , 2 , 1 , 489 , 72 , 3 , 0 , Unknown , Unknown , Unknown
1230 , 2024-01-11 13:45:25.206628 , 0 , 0 , 489 , 72 , 0 , 0
1231 , 2024-01-11 13:45:29.871676 , 1 , 0 , 490 , 72 , 1 , 0 , Unknown
1232 , 2024-01-11 13:45:34.353572 , 0 , 0 , 490 , 72 , 0 , 0
1233 , 2024-01-11 13:45:38.472714 , 0 , 0 , 490 , 72 , 0 , 0
1234 , 2024-01-11 13:45:43.144424 , 0 , 0 , 490 , 72 , 0 , 0
1235 , 2024-01-11 13:45:47.838507 , 0 , 0 , 490 , 72 , 0 , 0
1236 , 2024-01-11 13:45:52.753187 , 0 , 0 , 490 , 72 , 0 , 0
1237 , 2024-01-11 13:45:56.944872 , 0 , 0 , 490 , 72 , 0 , 0
1238 , 2024-01-11 13:46:00.893581 , 0 , 0 , 490 , 72 , 0 , 0
1239 , 2024-01-11 13:46:04.738781 , 0 , 0 , 490 , 72 , 0 , 0
1240 , 2024-01-11 13:46:08.879321 , 0 , 0 , 490 , 72 , 0 , 0
1241 , 2024-01-11 13:46:12.943356 , 0 , 0 , 490 , 72 , 0 , 0
1242 , 2024-01-11 13:46:16.905486 , 0 , 0 , 490 , 72 , 0 , 0
1243 , 2024-01-11 13:46:20.846283 , 0 , 0 , 490 , 72 , 0 , 0
1244 , 2024-01-11 13:46:24.798008 , 0 , 0 , 490 , 72 , 0 , 0
1245 , 2024-01-11 13:46:28.699907 , 0 , 0 , 490 , 72 , 0 , 0
1246 , 2024-01-11 13:46:32.536331 , 0 , 0 , 490 , 72 , 0 , 0
1247 , 2024-01-11 13:46:36.424901 , 0 , 0 , 490 , 72 , 0 , 0
1248 , 2024-01-11 13:46:40.305735 , 0 , 0 , 490 , 72 , 0 , 0
1249 , 2024-01-11 13:46:44.882595 , 0 , 0 , 490 , 72 , 0 , 0
1250 , 2024-01-11 13:46:50.577024 , 0 , 1 , 490 , 73 , 1 , 0 , Unknown
1251 , 2024-01-11 13:46:55.764957 , 0 , 0 , 490 , 73 , 0 , 0
1252 , 2024-01-11 13:47:00.076388 , 0 , 0 , 490 , 73 , 0 , 0
1253 , 2024-01-11 13:47:04.256388 , 0 , 0 , 490 , 73 , 0 , 0
1254 , 2024-01-11 13:47:08.443198 , 0 , 0 , 490 , 73 , 0 , 0
1255 , 2024-01-11 13:47:12.624911 , 0 , 0 , 490 , 73 , 0 , 0
1256 , 2024-01-11 13:47:17.371019 , 1 , 0 , 491 , 73 , 1 , 0 , Unknown
1257 , 2024-01-11 13:47:22.193565 , 1 , 0 , 492 , 73 , 1 , 0 , Unknown
1258 , 2024-01-11 13:47:26.790916 , 0 , 0 , 492 , 73 , 0 , 0
1259 , 2024-01-11 13:47:30.967845 , 0 , 0 , 492 , 73 , 0 , 0
1260 , 2024-01-11 13:47:35.233682 , 0 , 0 , 492 , 73 , 0 , 0
1261 , 2024-01-11 13:47:39.400344 , 0 , 0 , 492 , 73 , 0 , 0
1262 , 2024-01-11 13:47:43.601760 , 0 , 0 , 492 , 73 , 0 , 0
1263 , 2024-01-11 13:47:48.071971 , 0 , 0 , 492 , 73 , 0 , 0
1264 , 2024-01-11 13:47:53.081862 , 1 , 0 , 493 , 73 , 1 , 0 , Unknown
1265 , 2024-01-11 13:47:59.702132 , 4 , 0 , 497 , 73 , 4 , 0 , Unknown , Unknown , Unknown , Unknown
1266 , 2024-01-11 13:48:05.076570 , 2 , 0 , 499 , 73 , 2 , 0 , Unknown , Unknown
1267 , 2024-01-11 13:48:09.311821 , 0 , 0 , 499 , 73 , 0 , 0
1268 , 2024-01-11 13:48:13.504671 , 0 , 0 , 499 , 73 , 0 , 0
1269 , 2024-01-11 13:48:17.606185 , 0 , 0 , 499 , 73 , 0 , 0
1270 , 2024-01-11 13:48:23.356372 , 3 , 0 , 502 , 73 , 2 , 1 , Unknown , Unknown , Unknown
1271 , 2024-01-11 13:48:28.722236 , 1 , 1 , 503 , 74 , 0 , 2 , Unknown , Unknown
1272 , 2024-01-11 13:48:32.870678 , 0 , 0 , 503 , 74 , 0 , 0
1273 , 2024-01-11 13:48:36.926551 , 0 , 0 , 503 , 74 , 0 , 0
1274 , 2024-01-11 13:48:40.959066 , 0 , 0 , 503 , 74 , 0 , 0
1275 , 2024-01-11 13:48:45.138880 , 0 , 0 , 503 , 74 , 0 , 0
1276 , 2024-01-11 13:48:49.227707 , 0 , 0 , 503 , 74 , 0 , 0
1277 , 2024-01-11 13:48:53.445178 , 0 , 0 , 503 , 74 , 0 , 0
1278 , 2024-01-11 13:48:57.871285 , 0 , 0 , 503 , 74 , 0 , 0
1279 , 2024-01-11 13:49:02.024720 , 0 , 0 , 503 , 74 , 0 , 0
1280 , 2024-01-11 13:49:06.156300 , 0 , 0 , 503 , 74 , 0 , 0
1281 , 2024-01-11 13:49:10.813581 , 0 , 1 , 503 , 75 , 1 , 0 , Unknown
1282 , 2024-01-11 13:49:14.990027 , 0 , 0 , 503 , 75 , 0 , 0
1283 , 2024-01-11 13:49:19.203676 , 0 , 0 , 503 , 75 , 0 , 0
1284 , 2024-01-11 13:49:24.570166 , 2 , 0 , 505 , 75 , 2 , 0 , Unknown , Unknown
1285 , 2024-01-11 13:49:29.006097 , 0 , 0 , 505 , 75 , 0 , 0
1286 , 2024-01-11 13:49:33.219490 , 0 , 0 , 505 , 75 , 0 , 0
1287 , 2024-01-11 13:49:37.897418 , 0 , 1 , 505 , 76 , 0 , 1 , Unknown
1288 , 2024-01-11 13:49:42.111045 , 0 , 0 , 505 , 76 , 0 , 0
1289 , 2024-01-11 13:49:46.170388 , 0 , 0 , 505 , 76 , 0 , 0
1290 , 2024-01-11 13:49:50.282777 , 0 , 0 , 505 , 76 , 0 , 0
1291 , 2024-01-11 13:49:55.221580 , 1 , 0 , 506 , 76 , 1 , 0 , Unknown
1292 , 2024-01-11 13:49:59.542261 , 0 , 0 , 506 , 76 , 0 , 0
1293 , 2024-01-11 13:50:03.781186 , 0 , 0 , 506 , 76 , 0 , 0
1294 , 2024-01-11 13:50:07.990327 , 0 , 0 , 506 , 76 , 0 , 0
1295 , 2024-01-11 13:50:12.696013 , 0 , 0 , 506 , 76 , 0 , 0
1296 , 2024-01-11 13:50:19.282036 , 3 , 0 , 509 , 76 , 3 , 0 , Unknown , Unknown , Unknown
1297 , 2024-01-11 13:50:23.744408 , 0 , 0 , 509 , 76 , 0 , 0
1298 , 2024-01-11 13:50:29.952240 , 0 , 0 , 509 , 76 , 0 , 0
1299 , 2024-01-11 13:50:35.691879 , 0 , 0 , 509 , 76 , 0 , 0
1300 , 2024-01-11 13:50:42.030706 , 1 , 0 , 510 , 76 , 1 , 0 , Unknown
1301 , 2024-01-11 13:50:46.830929 , 0 , 0 , 510 , 76 , 0 , 0
1302 , 2024-01-11 13:50:52.072211 , 1 , 0 , 511 , 76 , 1 , 0 , Unknown
1303 , 2024-01-11 13:50:56.336703 , 0 , 0 , 511 , 76 , 0 , 0
1304 , 2024-01-11 13:51:02.171383 , 0 , 0 , 511 , 76 , 0 , 0
1305 , 2024-01-11 13:51:06.292391 , 0 , 0 , 511 , 76 , 0 , 0
1306 , 2024-01-11 13:51:10.761082 , 1 , 0 , 512 , 76 , 1 , 0 , Unknown
1307 , 2024-01-11 13:51:15.781060 , 2 , 0 , 514 , 76 , 2 , 0 , Unknown , Unknown
1308 , 2024-01-11 13:51:20.682148 , 1 , 0 , 515 , 76 , 1 , 0 , Unknown
1309 , 2024-01-11 13:51:25.562175 , 0 , 0 , 515 , 76 , 0 , 0
1310 , 2024-01-11 13:51:29.885979 , 0 , 0 , 515 , 76 , 0 , 0
1311 , 2024-01-11 13:51:34.164436 , 0 , 0 , 515 , 76 , 0 , 0
1312 , 2024-01-11 13:51:38.347250 , 0 , 0 , 515 , 76 , 0 , 0
1313 , 2024-01-11 13:51:42.572689 , 0 , 0 , 515 , 76 , 0 , 0
1314 , 2024-01-11 13:51:46.829121 , 0 , 0 , 515 , 76 , 0 , 0
1315 , 2024-01-11 13:51:51.258162 , 0 , 0 , 515 , 76 , 0 , 0
1316 , 2024-01-11 13:51:56.011964 , 0 , 0 , 515 , 76 , 0 , 0
1317 , 2024-01-11 13:52:02.222305 , 3 , 0 , 518 , 76 , 3 , 0 , Unknown , Unknown , Unknown
1318 , 2024-01-11 13:52:10.202815 , 6 , 0 , 524 , 76 , 6 , 0 , Unknown , Unknown , Unknown , Unknown , Unknown , Unknown
1319 , 2024-01-11 13:52:15.899019 , 2 , 0 , 526 , 76 , 2 , 0 , Unknown , Unknown
1320 , 2024-01-11 13:52:20.424475 , 0 , 0 , 526 , 76 , 0 , 0
1321 , 2024-01-11 13:52:25.124183 , 0 , 0 , 526 , 76 , 0 , 0
1322 , 2024-01-11 13:52:29.692725 , 0 , 0 , 526 , 76 , 0 , 0
1323 , 2024-01-11 13:52:34.280555 , 0 , 0 , 526 , 76 , 0 , 0
1324 , 2024-01-11 13:52:38.617351 , 0 , 0 , 526 , 76 , 0 , 0
1325 , 2024-01-11 13:52:43.880938 , 2 , 0 , 528 , 76 , 2 , 0 , Unknown , Unknown
1326 , 2024-01-11 13:52:48.158738 , 0 , 0 , 528 , 76 , 0 , 0
1327 , 2024-01-11 13:52:52.600450 , 0 , 0 , 528 , 76 , 0 , 0
1328 , 2024-01-11 13:52:57.277364 , 1 , 0 , 529 , 76 , 1 , 0 , Unknown
1329 , 2024-01-11 13:53:02.163304 , 0 , 0 , 529 , 76 , 0 , 0
1330 , 2024-01-11 13:53:07.505693 , 2 , 0 , 531 , 76 , 2 , 0 , Unknown , Unknown
1331 , 2024-01-11 13:53:12.473468 , 1 , 0 , 532 , 76 , 1 , 0 , Unknown
1332 , 2024-01-11 13:53:17.493617 , 0 , 0 , 532 , 76 , 0 , 0
1333 , 2024-01-11 13:53:22.145649 , 0 , 0 , 532 , 76 , 0 , 0
1334 , 2024-01-11 13:53:26.672767 , 0 , 0 , 532 , 76 , 0 , 0
1335 , 2024-01-11 13:53:31.387286 , 0 , 1 , 532 , 77 , 1 , 0 , Unknown
1336 , 2024-01-11 13:53:35.722411 , 0 , 0 , 532 , 77 , 0 , 0
1337 , 2024-01-11 13:53:40.987092 , 2 , 0 , 534 , 77 , 1 , 1 , Unknown , Unknown
1338 , 2024-01-11 13:53:45.295131 , 0 , 0 , 534 , 77 , 0 , 0
1339 , 2024-01-11 13:53:49.451348 , 0 , 0 , 534 , 77 , 0 , 0
1340 , 2024-01-11 13:53:53.768255 , 0 , 0 , 534 , 77 , 0 , 0
1341 , 2024-01-11 13:53:58.203939 , 0 , 0 , 534 , 77 , 0 , 0
1342 , 2024-01-11 13:54:02.948098 , 1 , 0 , 535 , 77 , 1 , 0 , Unknown
1343 , 2024-01-11 13:54:07.213819 , 0 , 0 , 535 , 77 , 0 , 0
1344 , 2024-01-11 13:54:11.880371 , 0 , 0 , 535 , 77 , 0 , 0
1345 , 2024-01-11 13:54:16.734658 , 0 , 0 , 535 , 77 , 0 , 0
